transaction_id,customer_id,customer_name,email,purchase_date,product_id,category,price,quantity,total_amount,payment_method,delivery_status,customer_address,id
1044,187,"Miguel Henry",fguerra@gmail.com,2024-07-12,1007,Toys,3214.93,3,9644.79,"Credit Card",Cancelled,"3055 Richard Pine Apt. 405
Smithmouth, NV 87080",1
1133,8,"Teresa Garcia",holly70@hotmail.com,2024-06-05,1003,Unknown,2860.28,1,2860.28,"Credit Card",Processing,"846 Toni Fall Apt. 841
West Benjamin, OR 36728",2
1030,443,"Sierra Lopez",NULL,2023-03-26,1060,Unknown,1455.39,1,1455.39,"Credit Card",Processing,"960 Dawn Spurs
East Katherine, WY 68562",3
1045,463,User,alanmurphy@hotmail.com,2023-12-31,1030,Electronics,1466.11,2,2932.22,PayPal,Delivered,"44316 Hayes Ranch Apt. 008
Fernandezborough, AZ 34057",4
1046,270,"Destiny Reeves",hansendenise@hotmail.com,2023-03-02,1083,"Home & Kitchen",1898.13,6,11388.78,"Credit Card","Not Delivered","4398 Christina Street Apt. 900
East Aaron, MD 61685",5
1047,189,"Christopher Nelson",benderjason@luna.com,NULL,1049,"Home & Kitchen",666.68,8,5333.44,"Credit Card","Not Delivered","PSC 7563, Box 3932
APO AA 86529",6
1048,445,"Michele Williams",ishort@jones-moreno.org,2023-05-08,1089,Clothing,2545.92,8,20367.36,"Credit Card",Cancelled,"526 Spencer Roads Apt. 711
Benjaminside, MO 66205",7
1049,174,"Crystal Webb",NULL,2024-03-17,1016,Toys,1766.69,2,3533.38,"Credit Card",Delivered,"07021 Smith Hills
East Richardshire, MT 15990",8
1050,445,"Claudia Knight",twilson@young.com,2024-07-06,1051,"Home & Kitchen",2365.52,1,2365.52,"Credit Card",Processing,"Not Available",9
1051,50,"Courtney Ross",peter47@hotmail.com,2024-01-16,1072,"Home & Kitchen",206.21,1,206.21,PayPal,Shipped,"Not Available",10
1052,363,"Walter Martin",bennettmeghan@yahoo.com,2024-09-03,1082,Toys,1848.09,3,5544.27,"Credit Card",Returned,"Not Available",11
1134,343,"Barbara Armstrong",josephmills@williams-perez.info,2023-09-08,1047,Toys,2235.47,6,13412.82,"Bank Transfer",Pending,"91095 Patrick Summit
Brownbury, SC 52328",12
1135,128,"Natasha Robinson",annette74@nguyen.org,2024-09-20,1062,Unknown,3132.36,3,9397.08,"Credit Card",Cancelled,"46002 Daniel Roads
East Peter, FL 68593",13
1136,491,"Elizabeth Anderson",NULL,2023-03-23,1099,Books,2530.75,4,10123.00,"Credit Card",Pending,"769 Patrick Squares Suite 336
New Makaylaside, MS 07081",14
1137,135,"Timothy Bailey",qcobb@hotmail.com,2024-03-04,1014,Electronics,1534.45,7,10741.15,"Credit Card",Cancelled,"575 Christine Drives
Lake Kimberlyville, AK 62053",15
1138,471,"Gail Williams",kellymarissa@fletcher.com,2023-08-09,1063,Electronics,1200.10,8,9600.80,"Credit Card",Cancelled,"279 Meadows Valleys
Port Aaronstad, IN 42370",16
1139,62,"Martin Rodgers",charlesgarner@gmail.com,2023-03-24,1061,Toys,4103.24,5,20516.20,"Credit Card",Returned,"916 Stephens Meadow
Brownburgh, NM 11189",17
1140,138,"George Spence",davisashley@hensley.com,2024-12-26,1031,Electronics,2545.09,2,5090.18,"Credit Card",Pending,"5745 Joseph Branch
Port David, GA 88047",18
1141,498,"Stephen Perez",ybutler@hotmail.com,2024-03-16,1095,Books,3655.99,2,7311.98,"Debit Card",Pending,"5475 Kelly Key Suite 679
Silvaburgh, CT 93728",19
1142,80,"Ashley Meyer",louis07@gmail.com,2023-09-23,1017,Books,3686.63,4,14746.52,"Credit Card","Not Delivered","7048 Morrison Run
Port Laura, MD 01309",20
1053,54,"Katie Blevins",maria67@savage.com,2024-03-07,1092,Books,4012.00,9,36108.00,"Credit Card",Cancelled,"289 Vaughn Ramp
East Andreaton, DC 04496",21
1054,243,"Jessica Roach",kaitlynrodriguez@adams.com,2023-11-28,1080,"Home & Kitchen",3470.91,6,20825.46,"Bank Transfer","Not Delivered","34099 Decker Glen
Garciamouth, CT 87019",22
1055,319,"Stephen Weber",nmitchell@gmail.com,2023-12-28,1083,Unknown,4481.93,8,35855.44,"Credit Card",Pending,"998 Matthew Lodge
Julieburgh, VT 55050",23
1056,130,"Danny Sanchez",andrewmosley@gonzalez.com,2023-04-12,1042,Electronics,2280.85,3,6842.55,"Credit Card",Delivered,"Unit 1539 Box 4210
DPO AP 84278",24
1057,484,"Gavin Santiago",NULL,2023-11-26,1017,Clothing,4105.10,8,32840.80,"Credit Card",Shipped,"152 Dean Fields
Patriciatown, UT 03406",25
1058,306,"Victor Bartlett",NULL,NULL,1063,"Home & Kitchen",3308.44,1,3308.44,PayPal,Returned,"1197 Dixon Harbor
East Cassandra, MO 89584",26
1059,134,"Justin Smith",cmays@crawford.com,2023-11-05,1045,Unknown,1846.67,5,9233.35,"Debit Card",Pending,"Unit 8934 Box 0041
DPO AP 92257",27
1060,20,"Suzanne Orozco",timothywoods@gmail.com,2024-05-13,1077,Unknown,1938.98,4,7755.92,PayPal,Delivered,"465 Taylor Curve Suite 197
South David, WI 73795",28
1061,328,"George Tran",hernandezcory@hicks-waller.com,2023-04-05,1007,"Home & Kitchen",4180.26,4,16721.04,PayPal,Shipped,"1490 Sheila Rapids
Port Ashleytown, SC 05232",29
1001,102,"Amy Wells",caroladams@gmail.com,2024-01-24,1023,Clothing,4210.71,1,4210.71,"Credit Card",Pending,"5769 Tracy Lane
Port Amy, AZ 35865",30
1143,391,"Jerry Rice",ocastillo@yahoo.com,2023-06-29,1024,Books,4323.38,3,12970.14,"Credit Card",Processing,"52854 Dana Gateway Suite 180
Lake Donnaborough, IA 17340",31
1062,166,"Christine Holmes",robinsonalexis@porter.com,2024-05-01,1027,Books,3381.08,2,6762.16,PayPal,Cancelled,"392 Jones Plains Suite 240
Port Caleb, ID 61506",32
1144,162,"Kyle Adams",landrymadison@kirk.com,2024-03-15,1023,Clothing,2195.35,5,10976.75,"Credit Card","Not Delivered","9316 Tanya Mountains
New Spencerbury, AR 09337",33
1145,418,"Christopher Russell",lopezsusan@yahoo.com,2025-01-22,1082,Books,3122.84,8,24982.72,"Credit Card",Delivered,"79237 Padilla Village Suite 759
Kerrstad, IA 98102",34
1146,288,"Brett Hayes",wfrancis@hotmail.com,2024-09-01,1050,Books,3782.39,8,30259.12,"Credit Card",Cancelled,"585 Huang Prairie Suite 447
Lake Marissaland, IN 34970",35
1063,273,"Brenda Howard",amber84@yahoo.com,2024-01-28,1010,Electronics,82.41,8,659.28,"Bank Transfer",Shipped,"0433 Christine Key
South James, ID 97496",36
1064,387,"Kristen Lopez",chelsea76@yahoo.com,2023-11-06,1034,Clothing,3035.27,0,0.00,"Credit Card",Cancelled,"1672 Jones Keys
West Patriciahaven, ND 63816",37
1147,378,"Jade Cross",qyoung@kim-johnson.info,2023-03-18,1078,Clothing,4525.28,7,31676.96,"Bank Transfer",Returned,"2294 Meredith Passage
Carrieborough, GA 44911",38
1065,88,"Kenneth Smith",karen98@gonzalez.com,2024-11-05,1036,"Home & Kitchen",110.18,6,661.08,"Credit Card",Processing,"1147 Mckee Lakes
Barnesstad, HI 03530",39
1148,260,"James Heath",emilyphillips@yahoo.com,2024-10-04,1079,Unknown,1734.60,2,3469.20,Cash,"Not Delivered","496 Leach Parks Suite 360
East Jason, ME 22625",40
1066,315,"Stephanie Fox",meyeranna@gmail.com,2024-07-24,1025,Clothing,2539.27,8,20314.16,"Credit Card",Delivered,"758 Morrison Estate
Petersenfurt, TX 47674",41
1002,435,"Joshua Lopez",NULL,2023-09-05,1029,Electronics,3298.49,3,9895.47,"Debit Card",Delivered,"70936 Rangel Falls
Wellshaven, AK 75186",42
1149,489,"Jill Brown",nsimpson@meyer.com,2024-04-24,1079,"Home & Kitchen",1785.17,6,10711.02,"Credit Card",Pending,"58802 Cox Lane
New Gwendolyn, NM 98142",43
1067,13,"Jennifer Shepherd",awilliams@gmail.com,2023-05-01,1006,Toys,371.16,5,1855.80,"Debit Card",Shipped,"1563 Megan Grove Apt. 229
Rivashaven, KY 42599",44
1150,230,"Kerry Rios",robert28@johnson-reed.com,2023-09-02,1070,Electronics,4809.63,3,14428.89,"Bank Transfer",Delivered,"87227 Baxter Shores Suite 282
Youngfurt, MA 44936",45
1151,40,"Lisa Garrett",nguyentony@gmail.com,2025-02-04,1027,Books,2283.22,0,0.00,"Credit Card",Returned,"873 William Islands
South Christopher, NE 38518",46
1152,27,"Ronald Austin",jennabanks@yahoo.com,2024-05-04,1015,Electronics,1626.90,4,6507.60,"Credit Card",Shipped,"6133 Reynolds Flat Suite 464
Amandaville, KY 10930",47
1068,241,"Glenda Turner",ernest70@mayer.info,2023-03-06,1024,Unknown,1144.69,8,9157.52,"Credit Card",Returned,"PSC 9563, Box 2314
APO AE 73422",48
1069,264,"Kristy Hodges",fraziercindy@gmail.com,2024-10-15,1018,Unknown,1552.12,1,1552.12,"Credit Card",Shipped,"367 Cory Square
Lake Daniel, SC 46296",49
1070,345,"Julie Rivas",wilsondavid@gmail.com,2024-11-17,1087,"Home & Kitchen",3503.77,9,31533.93,"Credit Card",Delivered,"5169 Scott Springs
Jacobhaven, NH 14131",50
1003,348,"Richard Alvarado",rose47@hotmail.com,2024-07-09,1078,Books,2387.86,6,14327.16,"Credit Card",Returned,"724 Aaron Villages
Patriciachester, VA 64309",51
1071,52,"Derrick Johnson",williamsmichael@meadows.org,2023-07-15,1006,"Home & Kitchen",386.13,2,772.26,"Credit Card",Pending,"3471 Gibson Lakes Apt. 531
North Melissaville, RI 58072",52
1004,270,"Nichole Nelson",sgibbs@reeves.org,2023-07-28,1090,Clothing,3780.65,2,7561.30,"Credit Card",Shipped,"4983 James Plains
Roachland, NJ 41398",53
1153,134,"Michael Burns",rebecca22@gmail.com,2023-06-19,1050,Toys,678.06,4,2712.24,"Debit Card",Pending,"54724 Alexis View Suite 715
North Jamie, KS 77918",54
1154,200,"Heather Chang",ostrong@hotmail.com,2024-03-05,1036,Electronics,2430.06,4,9720.24,"Debit Card",Pending,"USCGC Bell
FPO AP 87430",55
1072,385,"Heather Greene",welchkristen@smith-downs.com,2024-05-24,1029,Toys,3086.34,3,9259.02,"Credit Card",Pending,"491 Sandra Parkway Apt. 532
New Jennifermouth, WV 55369",56
1155,327,"Eric Smith",allentara@torres.biz,2025-02-04,1008,Unknown,2359.48,1,2359.48,Cash,Shipped,"7064 Brian Course
Lake Lisahaven, AK 43622",57
1156,267,"Brad Gallegos",melissawood@austin.com,2024-12-17,1079,Clothing,728.94,2,1457.88,"Credit Card",Cancelled,"38052 Christina Valleys
Laurenfurt, UT 61229",58
1073,339,"Jennifer Bishop",jimenezmark@smith.biz,2023-12-16,1025,Books,2574.45,6,15446.70,Cash,Shipped,"24803 Huff Field
West John, FL 77826",59
1157,417,"Joseph Hamilton",zmartinez@waters.com,2023-03-06,1003,Electronics,4573.06,2,9146.12,"Bank Transfer",Cancelled,"55377 Mullen Burgs
Leahhaven, TX 49556",60
1005,106,"Debbie Baker",vvargas@gmail.com,2023-09-10,1051,Toys,562.62,5,2813.10,Cash,Shipped,"03845 Bryan Branch Suite 738
New Joelside, ID 50557",61
1074,91,"Todd Jones",hwebb@gmail.com,2023-05-14,1055,"Home & Kitchen",2507.05,7,17549.35,"Bank Transfer",Shipped,"2778 Sanchez Port
Lake Davidhaven, ID 50126",62
1075,366,"Robert Williams",sheppardscott@yahoo.com,NULL,1081,Unknown,1300.70,7,9104.90,Cash,Cancelled,"055 Evans Wells Apt. 430
South Garrett, WI 75903",63
1158,32,"Kyle Myers",NULL,2023-11-26,1062,Electronics,3788.34,8,30306.72,"Credit Card","Not Delivered","818 Meadows Viaduct
Gregoryborough, MT 28740",64
1076,443,"Harold Jones",rickeywilson@hotmail.com,2024-05-29,1046,Clothing,2273.80,1,2273.80,"Credit Card",Delivered,"958 Amanda Wall
South Saraport, CT 60777",65
1159,47,"William Williams",jimmyjohnson@yahoo.com,2024-07-03,1047,Electronics,4049.80,0,0.00,"Bank Transfer","Not Delivered","USNS Campbell
FPO AP 44438",66
1160,406,"Jose Peters",hendersonbryan@hotmail.com,2024-11-22,1077,"Home & Kitchen",1318.87,4,5275.48,"Credit Card",Pending,"738 Nicole Mount
New Kristen, TX 05937",67
1077,454,"Mr. Mark Larson",johnrobinson@gmail.com,2024-09-01,1024,Electronics,4585.22,4,18340.88,"Credit Card",Cancelled,"795 Juan Overpass Apt. 770
Chambersberg, VA 10966",68
1161,61,"Whitney Palmer",ooconnor@lee.com,2023-03-24,1098,"Home & Kitchen",2330.20,2,4660.40,"Credit Card",Processing,"956 Jackson Port Apt. 567
Abbottburgh, AK 70616",69
1078,427,"Jason Nelson",matthew87@yahoo.com,2024-05-21,1075,Clothing,772.65,3,2317.95,"Bank Transfer",Returned,"720 Liu Loop Apt. 030
Bakerview, GA 86653",70
1079,263,"John Goodwin",NULL,2024-02-06,1026,Books,1333.78,9,12004.02,"Credit Card",Processing,"84486 James Union Suite 803
Port Shelbybury, AR 22459",71
1162,215,"Charles Wallace",amystone@barajas.com,2023-10-30,1088,Toys,3672.88,8,29383.04,"Credit Card",Pending,"99567 Tyler Plains
Brandonfurt, ID 93884",72
1080,430,"Terry Mason",NULL,2023-10-19,1098,Electronics,2531.34,7,17719.38,"Credit Card",Pending,"Not Available",73
1081,34,User,thomasanita@yahoo.com,2024-02-27,1028,Clothing,2539.27,6,15235.62,"Credit Card","Not Delivered","46674 Jermaine Pass Apt. 258
Jessechester, FL 99145",74
1163,292,"Scott Powell",edward37@gmail.com,2025-01-10,1096,Clothing,4375.56,9,39380.04,"Credit Card","Not Delivered","650 Anna Ranch Apt. 422
North Nicholasfort, VA 04217",75
1164,98,"Christopher Walton",browncasey@yahoo.com,2024-08-28,1061,Electronics,4575.84,5,22879.20,"Credit Card",Shipped,"42504 Walters Causeway Suite 795
South Christopherton, AK 15875",76
1082,205,"Juan Orr",jamesgibson@cannon.com,2024-02-04,1003,Clothing,396.24,9,3566.16,"Bank Transfer","Not Delivered","10663 Zavala Burg
Lake Richardstad, OH 36367",77
1006,71,"Mrs. Tanya Mullen",brendareese@gmail.com,2023-03-09,1069,Unknown,4008.69,0,0.00,"Bank Transfer",Pending,"3905 Elizabeth Tunnel Apt. 096
Sarahfurt, MT 87186",78
1165,171,"John Adams",cparker@rocha.com,NULL,1032,Electronics,2456.02,3,7368.06,PayPal,"Not Delivered","13479 Nicole Lakes
Damonmouth, AL 25937",79
1007,188,"Adam Gonzalez",msmith@hebert.org,2024-12-13,1095,Toys,2410.54,8,19284.32,"Credit Card",Cancelled,"166 Griffith Mountain
South Keithchester, DC 16249",80
1083,80,"Andrew Smith",regina63@gmail.com,2024-07-27,1075,Toys,3926.11,4,15704.44,"Credit Card",Delivered,"69579 Martinez Spurs Suite 657
East Travisview, RI 02658",81
1166,359,"Joseph Rogers",mariaryan@davis-anderson.org,2024-08-22,1094,Electronics,3802.76,7,26619.32,"Credit Card",Pending,"216 Adams Square
Lake Christopher, MA 74290",82
1084,419,"Devin Trujillo",michaelvaughan@brown.info,NULL,1038,Books,681.80,1,681.80,"Credit Card",Delivered,"5582 Dillon Harbor
Port Marcia, NE 01524",83
1167,213,"Cathy Glover",joseph63@gmail.com,2023-03-04,1013,Electronics,4718.05,6,28308.30,"Bank Transfer",Returned,"1168 Bishop Route Suite 946
Gregoryburgh, ID 56449",84
1168,474,"Tracey Ford",powersjerry@gmail.com,2023-04-09,1001,"Home & Kitchen",4361.44,5,21807.20,Cash,Pending,"121 Christine Junctions
Simmonschester, MI 65773",85
1169,34,"Anna Miller",kgonzalez@lucas-mahoney.com,2023-10-18,1034,Unknown,4272.02,7,29904.14,"Bank Transfer",Returned,"01879 Golden Alley Suite 896
Garciaton, OH 71373",86
1085,49,"Wanda Williams",michael45@gmail.com,2023-05-09,1061,Unknown,4148.00,1,4148.00,"Debit Card","Not Delivered","615 Hernandez Parkways Suite 332
Randyside, CT 33087",87
1170,448,"Walter Rogers",qbrown@chavez-cooper.net,2023-11-28,1062,Unknown,522.05,3,1566.15,"Debit Card",Returned,"881 Mills Field
East Claudia, SD 07322",88
1086,359,"James Murphy",NULL,2023-07-12,1078,Toys,2341.40,5,11707.00,"Credit Card",Delivered,"926 Dawn Oval
Natashaside, PA 62881",89
1171,226,"Michael Potter",fowlerelizabeth@bryant.com,2023-03-04,1079,Toys,510.31,6,3061.86,"Credit Card",Pending,"652 Fernandez Walk
Charlesville, MD 98732",90
1172,100,"Adam Roberts",jason49@wilson-ashley.com,2024-10-19,1078,Books,2574.45,3,7723.35,"Credit Card",Processing,"789 Sara Tunnel
Rachelberg, AL 32005",91
1087,387,"Ronald Delgado",jordangould@yahoo.com,2024-12-20,1051,Electronics,2320.44,4,9281.76,Cash,Pending,"PSC 1387, Box 9130
APO AP 12210",92
1173,430,"Jason Stewart",hudsonjim@hotmail.com,2024-12-31,1093,Clothing,4867.10,9,43803.90,Cash,Processing,"834 Miller Locks
North Sydney, NJ 86082",93
1088,1,"Nicholas Rogers",NULL,2025-01-16,1090,Unknown,2278.35,5,11391.75,"Credit Card",Returned,"USS Hunter
FPO AA 67757",94
1174,461,"Eric Sullivan",brittanyperez@jimenez.com,2023-05-13,1098,Unknown,2706.08,5,13530.40,PayPal,Delivered,"1457 Eddie Hollow Apt. 923
Riverabury, OR 44887",95
1089,389,"Jennifer Wood",williamsonariel@casey.biz,NULL,1048,Toys,2022.86,5,10114.30,Cash,Returned,"43458 Amanda Burg Suite 506
New Claudia, LA 42043",96
1175,130,"Michael Smith",newtonjacob@hotmail.com,2023-05-03,1082,Electronics,1279.64,1,1279.64,"Credit Card","Not Delivered","0085 Bryant Mall
Shannonmouth, FL 02849",97
1090,53,"Julia Ortiz",dfitzgerald@gmail.com,2023-10-24,1021,Books,80.80,5,404.00,Cash,Cancelled,"401 William Mount Suite 114
Lake Thomas, MD 67822",98
1091,105,"Sean Keller",jasonmurphy@gmail.com,2024-03-27,1054,"Home & Kitchen",2185.73,9,19671.57,PayPal,Pending,"490 Mary Trail Apt. 292
Williamberg, WA 48982",99
1176,256,"Jennifer Parker",shawsamantha@webb.biz,2024-07-20,1071,Unknown,2734.22,3,8202.66,"Credit Card",Processing,"72093 Samuel Cliff
South Sabrina, IA 06917",100
1177,4,"Rita Hopkins",NULL,2024-07-24,1093,Toys,1719.15,3,5157.45,"Credit Card",Cancelled,"Unit 5085 Box 6408
DPO AA 75674",101
1092,259,User,stevenkelly@hotmail.com,NULL,1056,"Home & Kitchen",2253.01,4,9012.04,"Debit Card",Processing,"46942 Ramos Skyway
North Susanshire, KY 02771",102
1093,309,"Candace Hopkins",michaelbecker@hotmail.com,2023-12-25,1094,Electronics,1943.55,9,17491.95,"Credit Card",Delivered,"0865 Nicole Place Suite 716
Newtonfurt, SC 52061",103
1178,217,"Wanda Fernandez",NULL,2024-04-14,1031,Books,370.35,0,0.00,"Debit Card",Pending,"537 Lee Hills Suite 657
Port Davidmouth, NY 12921",104
1179,254,"Jesse Garza",mark62@hotmail.com,2024-03-02,1064,Unknown,1427.02,5,7135.10,"Debit Card",Returned,"7890 Walker Harbors
Gomezburgh, FL 14968",105
1180,397,"John Fowler",alyssa92@flores.net,2023-06-11,1025,Toys,1842.41,5,9212.05,"Debit Card",Pending,"957 Philip Brook
East Daniel, OR 66916",106
1181,358,"Jose Bender",esingh@morrison.com,2024-06-05,1038,"Home & Kitchen",3480.93,4,13923.72,Cash,"Not Delivered","28971 Jonathan Way Suite 898
East Donnaburgh, RI 93811",107
1182,282,"Kelsey Gay",samantha60@hoffman.net,2023-10-29,1014,Books,3769.63,1,3769.63,"Bank Transfer",Shipped,"628 Madden Rapids
Gonzalezmouth, MI 18719",108
1183,392,"Crystal Baxter",kelseyaguilar@bernard.biz,2024-05-27,1008,Toys,3898.87,8,31190.96,"Credit Card",Processing,"10189 Nicholas Orchard
Port Ian, IA 10509",109
1184,206,"Michael Powell",john55@yahoo.com,2025-01-26,1091,Unknown,2511.41,0,0.00,"Bank Transfer",Processing,"52613 Michael Ways Suite 318
Jamesmouth, DC 24016",110
1185,14,"Danielle Williams",tiffanyballard@hotmail.com,2025-02-03,1054,"Home & Kitchen",3478.58,3,10435.74,"Bank Transfer",Processing,"72272 Meyer Forges Suite 576
Youngfurt, GA 93093",111
1186,345,"Alice Carlson",collinsthomas@yahoo.com,2023-10-04,1002,Toys,284.73,1,284.73,"Debit Card",Returned,"78255 Anthony Ramp Apt. 614
New Danielshire, OK 80099",112
1187,41,"Jason Young",andrew77@williams.com,2023-06-28,1081,Toys,2679.18,8,21433.44,"Bank Transfer",Cancelled,"0348 Julia Forest
Odonnellfort, WA 97215",113
1188,379,"Sean Huff",bmedina@best.com,2023-12-06,1078,Unknown,1615.64,6,9693.84,"Credit Card",Cancelled,"0266 Pugh Coves
South Curtis, NH 37085",114
1189,460,"Barbara Stanley",zrobinson@hurst.org,2024-07-31,1089,Books,4166.88,5,20834.40,"Credit Card",Processing,"0382 Matthew Alley Suite 107
South Justin, NJ 88973",115
1190,178,"Paula Wang",michelle55@harris.com,2024-02-15,1056,"Home & Kitchen",3143.97,6,18863.82,"Credit Card",Cancelled,"51035 Henderson Station
Port Donnaborough, RI 52225",116
1191,62,"Mark Rivera",nicholasbraun@gmail.com,2023-10-23,1094,Electronics,1273.88,7,8917.16,PayPal,Shipped,"488 Kelly Lane Suite 173
Port Edward, NC 71440",117
1192,351,"Ashley Young",april63@faulkner-ward.info,2023-08-08,1093,Clothing,4915.18,2,9830.36,Cash,Processing,"769 Porter Garden
Waynehaven, MS 88276",118
1094,476,"Brooke Dixon",stevenmata@hotmail.com,2024-09-15,1059,"Home & Kitchen",4622.85,9,41605.65,"Credit Card",Delivered,"USCGC Black
FPO AA 32352",119
1095,190,"Peter Chen",james64@yahoo.com,2024-01-09,1072,Toys,71.98,9,647.82,"Credit Card",Processing,"179 Clark Prairie
Catherinemouth, WV 67567",120
1096,401,"Katie Ward",stevensonsteven@yahoo.com,2024-04-25,1051,Electronics,2663.92,7,18647.44,"Credit Card",Cancelled,"3521 Hartman Squares
Dunnton, NH 24654",121
1097,217,"Kristie Rose",marymcpherson@nguyen-mason.com,2024-10-14,1020,Unknown,1111.15,8,8889.20,Cash,Cancelled,"548 Moore Manors
Thomasfort, WA 39572",122
1098,43,"Lisa Velez",youngsean@gmail.com,2024-05-30,1096,Books,296.09,5,1480.45,"Credit Card",Delivered,"3186 Elizabeth Common Suite 456
Larsonchester, DE 27832",123
1099,161,"Stephanie Roman",xmoody@gmail.com,2024-07-28,1086,Electronics,4372.71,7,30608.97,Cash,Delivered,"924 Brett Rest Apt. 032
East Bethany, WV 93865",124
1100,201,"Kristine Davis",ashley44@daniels-santana.com,2025-01-23,1059,Unknown,49.95,4,199.80,"Credit Card",Processing,"USS Sharp
FPO AP 92307",125
1101,445,"Morgan Curry",tracy15@burgess.com,2024-09-10,1071,Electronics,2037.08,3,6111.24,"Credit Card",Pending,"542 Diane Bypass
Rebeccashire, AK 15906",126
1193,230,"Renee Alvarez",NULL,2024-01-25,1084,Books,3929.42,1,3929.42,"Bank Transfer",Delivered,"87181 Maria Haven Apt. 673
Kellyborough, KS 23865",127
1194,240,"Natasha Smith",alucas@hotmail.com,2023-10-19,1085,"Home & Kitchen",4085.92,4,16343.68,Cash,Returned,"1576 Wong Forge Suite 669
Elizabethland, NE 65151",128
1195,51,"Patrick Flores",lfaulkner@yahoo.com,2023-05-01,1061,Toys,1637.23,0,0.00,Cash,Shipped,"4183 Meagan Pine
South Heather, WY 34294",129
1196,95,"Alexander Chapman",NULL,2024-10-13,1022,"Home & Kitchen",402.87,9,3625.83,Cash,Returned,"2462 Guzman Rapids Apt. 789
Brianland, LA 91736",130
1197,387,"Gregory Hernandez",davidjensen@gmail.com,2024-08-25,1035,Clothing,2539.27,0,0.00,"Credit Card",Processing,"54888 Susan Mount
West Reginashire, WY 09338",131
1198,221,"Phillip Taylor",NULL,2023-12-11,1016,Unknown,2230.97,4,8923.88,"Credit Card",Shipped,"USCGC Robbins
FPO AP 78411",132
1199,484,"Denise Black",raymondporter@jones.com,2024-12-05,1050,Clothing,635.13,8,5081.04,"Credit Card",Processing,"52121 Day Dale
Patriciaport, VA 06287",133
1200,406,"Kristina Sullivan",tracyortega@yahoo.com,2023-04-21,1043,Electronics,741.53,2,1483.06,Cash,Shipped,"9927 Carter Lane Apt. 347
North Darrell, CO 59398",134
1201,230,"Seth Bowen",joymoore@hotmail.com,2024-06-29,1017,Electronics,2663.92,2,5327.84,"Credit Card",Processing,"24454 Sara Divide
South Eric, NV 86375",135
1202,236,"Andrew Ryan",tammychavez@hart-armstrong.biz,2024-12-16,1080,Clothing,3301.05,2,6602.10,"Credit Card",Delivered,"20332 Hicks Fall
Weeksmouth, MD 85995",136
1102,483,"Robert Robles",brenda36@king.com,2024-05-30,1009,Clothing,1491.91,5,7459.55,"Debit Card",Processing,"01852 Martin Mountain
North Jenniferfurt, RI 94820",137
1203,142,"Heather Simmons",tranlindsey@hotmail.com,NULL,1058,Books,3819.20,7,26734.40,"Credit Card",Returned,"73115 Dylan Spurs
Bryantport, DC 15012",138
1103,269,"Rachel Cox",NULL,2024-03-12,1001,Clothing,2539.27,5,12696.35,"Credit Card",Cancelled,"1100 Payne Summit Apt. 700
Timothyview, SD 10688",139
1204,170,"Ashley Mosley",luisibarra@cunningham.biz,2023-04-17,1002,Books,3296.88,2,6593.76,"Credit Card",Shipped,"982 Mcdonald Forges
Watkinsmouth, NH 95682",140
1104,350,"Gabriella Martin",vargaschristine@yahoo.com,2023-09-04,1029,Electronics,2623.15,8,20985.20,"Credit Card",Processing,"6783 Singh Prairie Suite 317
Ramirezshire, MD 57772",141
1105,303,"Sheryl Johnson",jasmine76@hotmail.com,2023-06-08,1063,"Home & Kitchen",194.69,9,1752.21,"Credit Card",Processing,"951 Owens Crescent Suite 277
North Stevenshire, NM 53918",142
1205,28,"Michelle Hernandez",cruzamanda@mills.org,2024-05-01,1004,Toys,527.29,2,1054.58,"Credit Card",Delivered,"3206 Donald Gardens Apt. 529
East Scottfurt, MT 63607",143
1206,35,"Lawrence Gonzales",stephaniegalvan@yahoo.com,2024-10-24,1085,Electronics,2639.84,5,13199.20,"Bank Transfer",Pending,"05501 Thompson Glens Suite 497
Nelsonmouth, WV 36814",144
1207,12,"Dr. Rachel Watkins DVM",NULL,2024-05-10,1039,Toys,4283.78,4,17135.12,"Credit Card",Processing,"6470 Edwards Overpass Apt. 567
Amytown, NY 74731",145
1208,159,"Justin Lambert",sarahwhitney@paul.com,2024-06-02,1098,Electronics,4749.40,6,28496.40,PayPal,"Not Delivered","090 Lisa Groves
Byrdchester, DC 26577",146
1106,270,"Danielle Mccoy",tmorgan@clark.net,2024-12-12,1072,Clothing,2412.52,6,14475.12,Cash,Processing,"4869 John Spur Suite 820
South Suzanne, AR 08105",147
1209,326,"Michael Martin",janetherring@reed.com,2023-08-08,1094,Clothing,1708.40,9,15375.60,"Credit Card",Shipped,"941 Hall Parkways Apt. 537
Port Beverly, MT 10799",148
1107,455,"Shannon Davis",tara74@yahoo.com,2023-05-17,1056,Books,2264.31,4,9057.24,"Credit Card",Pending,"47811 Hicks Rapid
Lake Rachelview, ID 63117",149
1210,186,"Lisa Obrien",btownsend@hotmail.com,2023-06-02,1006,Books,2739.29,2,5478.58,Cash,Cancelled,"14353 Blair Mountains
West Michaelfort, OH 50205",150
1108,461,"Kyle Hampton",smithandrew@yahoo.com,2024-02-21,1068,Unknown,2511.41,2,5022.82,"Credit Card",Shipped,"5370 Eric Crest Suite 986
Buchananburgh, TN 01879",151
1211,242,"Benjamin Moses",vanessablevins@gmail.com,2024-03-06,1081,Books,3215.67,6,19294.02,"Credit Card",Delivered,"851 Ricky Knolls Apt. 902
Port Anneburgh, WI 26990",152
1212,85,"James Diaz",mary30@hotmail.com,2024-03-25,1089,Clothing,4479.49,3,13438.47,"Credit Card",Delivered,"Not Available",153
1109,214,"Daniel Carter",lkane@johnson.org,2024-11-28,1035,Toys,1603.95,0,0.00,Cash,Delivered,"462 Nichole Mews Suite 659
South Morgan, OR 40957",154
1110,251,User,NULL,NULL,1003,Clothing,3272.88,0,0.00,"Bank Transfer","Not Delivered","114 Holland Village
Mariehaven, AK 04649",155
1213,283,"Julian Johnson",raylaura@hotmail.com,2024-07-26,1069,Toys,1748.52,3,5245.56,PayPal,Shipped,"252 Sampson Mills
New Carol, DC 15194",156
1214,65,"Dean Cardenas",johnsjoshua@hopkins-bishop.com,2023-05-26,1069,Toys,4009.09,8,32072.72,"Credit Card",Delivered,"851 Barber Locks Suite 020
Kimberlymouth, SC 46816",157
1215,169,"Evan Cardenas",john01@hotmail.com,NULL,1020,"Home & Kitchen",1468.16,0,0.00,"Credit Card",Pending,"24115 Katelyn Overpass
Craigport, CT 73438",158
1216,44,"Ivan Wilson",halljill@gmail.com,2024-11-20,1064,Electronics,3351.50,1,3351.50,"Debit Card",Delivered,"5808 Smith Keys Suite 096
South Julieburgh, NH 28266",159
1217,61,"Jasmine Ho",erika14@gross-thompson.net,2023-04-03,1016,Toys,1287.12,2,2574.24,Cash,"Not Delivered","Not Available",160
1111,189,"Kristen Wright",cwilliams@hotmail.com,2023-10-26,1007,Electronics,4838.86,6,29033.16,PayPal,Processing,"PSC 8311, Box 6245
APO AA 62455",161
1218,440,"Laura Mccarthy",pgreene@kim.biz,2023-12-26,1051,Clothing,2402.69,7,16818.83,"Debit Card","Not Delivered","041 Susan Dam
Richardland, MA 54805",162
1112,295,"Karen Ford",arthurnguyen@fletcher-wagner.biz,2023-08-16,1027,"Home & Kitchen",4991.18,3,14973.54,Cash,"Not Delivered","25832 Bowen Walks Apt. 888
Port Leslie, MI 52479",163
1219,133,"Dawn Miller",danawright@gmail.com,2023-11-04,1037,Toys,761.53,1,761.53,"Credit Card",Processing,"825 Simmons Mountains
Mitchellland, SC 45896",164
1113,212,"Andrew Frazier",james88@tucker.com,2023-10-08,1001,Toys,960.10,9,8640.90,"Bank Transfer",Shipped,"1080 Kelly Grove
Wilsonfurt, WV 93469",165
1220,283,"Alexis Robertson",bzamora@yahoo.com,2023-04-01,1073,Books,3854.61,3,11563.83,PayPal,Processing,"770 Garcia Gardens
Lake Amanda, KS 30223",166
1114,207,"Jasmine Torres",crystalholder@gmail.com,2023-05-20,1091,Unknown,2432.79,2,4865.58,"Credit Card",Delivered,"01359 Kayla Crossroad
Katieborough, VA 75039",167
1221,27,"Stacy Williams",jason59@yahoo.com,2023-08-12,1069,Electronics,31.97,0,0.00,"Credit Card",Cancelled,"84081 Ralph Union
South Anthony, DC 59146",168
1115,236,"Susan Long",arodriguez@hotmail.com,2025-02-14,1080,Unknown,2642.60,2,5285.20,"Debit Card",Cancelled,"Not Available",169
1116,337,"Nichole Wallace",pinedasonya@cunningham.info,NULL,1071,Clothing,3621.33,2,7242.66,"Bank Transfer","Not Delivered","43628 William Curve Suite 872
North Lisastad, VA 71753",170
1117,366,"Eric Pruitt",amyjackson@casey-russell.net,2024-10-24,1044,Unknown,529.96,8,4239.68,"Debit Card",Cancelled,"PSC 9107, Box 5643
APO AE 87656",171
1118,52,"Nicholas Burke",larrymcdaniel@yahoo.com,2024-10-10,1087,Unknown,796.47,4,3185.88,Cash,"Not Delivered","3950 Allen Pike
Potterville, VT 73493",172
1119,279,"Andrew Harrison",barneskatie@hoffman-duran.com,2024-10-16,1041,"Home & Kitchen",1558.63,5,7793.15,"Debit Card",Cancelled,"Unit 5696 Box 9202
DPO AA 92783",173
1222,107,"Ryan Morales",jo26@yahoo.com,2023-04-07,1042,Unknown,4863.27,1,4863.27,"Bank Transfer",Pending,"77960 Burke Crescent Apt. 423
Port Angelahaven, WV 22109",174
1120,409,"Michelle Travis",steven92@hotmail.com,2023-12-03,1075,"Home & Kitchen",58.94,9,530.46,"Bank Transfer",Processing,"5261 Randy Branch
New Jeffreyport, MS 32454",175
1223,43,"Lisa Perez DDS",cmiller@yahoo.com,2025-01-30,1057,"Home & Kitchen",604.01,9,5436.09,"Debit Card","Not Delivered","08173 Boyd Route Apt. 486
Parkerview, HI 44498",176
1121,216,"Alexandra Torres",thompsonjoshua@schmidt.org,2024-06-06,1042,"Home & Kitchen",570.78,2,1141.56,"Credit Card","Not Delivered","2708 Rodriguez Springs
Crossburgh, TN 76067",177
1224,339,"Sarah Davis",shawdavid@gmail.com,2023-06-24,1066,Electronics,4338.87,7,30372.09,"Credit Card",Shipped,"008 Perez Plains
Cartermouth, KS 10493",178
1225,285,"Kristen Gaines",NULL,2024-08-25,1009,Books,3040.44,6,18242.64,Cash,Returned,"Not Available",179
1122,251,User,mosscraig@nolan.biz,2023-11-06,1033,Electronics,2461.88,6,14771.28,PayPal,Cancelled,"USS Eaton
FPO AP 65230",180
1226,445,"Bradley Ewing",melinda65@yahoo.com,2023-11-12,1086,Books,1043.18,4,4172.72,"Credit Card",Returned,"44742 Sue Spurs
Burkeland, MA 97062",181
1123,187,"Gregory Austin",rachel61@jenkins-washington.info,2024-12-10,1050,Unknown,2921.71,1,2921.71,"Credit Card",Shipped,"241 David Hills Suite 000
New David, ID 66987",182
1227,330,"Nancy Castillo",ortizraven@yahoo.com,2024-12-11,1064,Books,3715.44,2,7430.88,PayPal,Returned,"57092 Smith Spring
Port Amanda, GA 41083",183
1124,379,"Gina Smith",lisa55@gmail.com,2023-09-12,1063,Unknown,3829.43,2,7658.86,"Credit Card",Pending,"2293 Julia Creek
East Christineton, PA 49090",184
1125,492,"Tara Hodge",shawn29@hoffman.com,2023-08-27,1037,Unknown,2396.12,3,7188.36,PayPal,Cancelled,"27620 Benitez Inlet Suite 876
Davisport, WV 72428",185
1126,40,"Christopher Jones",NULL,2023-12-26,1059,Books,3762.91,9,33866.19,"Credit Card",Pending,"5803 Bowen Valleys
Changfurt, CO 54753",186
1228,127,"Joseph Montoya",NULL,2024-03-26,1086,Books,1185.50,5,5927.50,"Credit Card",Processing,"PSC 2078, Box 0177
APO AA 55220",187
1127,156,"Robert Phillips",jenniferfranklin@yahoo.com,2023-06-26,1081,"Home & Kitchen",2772.86,3,8318.58,"Credit Card",Pending,"51019 Delgado Creek
West Erikaburgh, WA 14228",188
1229,347,"Alexander Oliver",emeyers@hall-reed.com,2023-08-21,1022,Clothing,2882.92,8,23063.36,"Credit Card",Shipped,"8807 Kayla Row
Brandimouth, VT 13422",189
1128,14,"Lacey Jenkins",pamelaberry@castaneda.com,2023-10-07,1099,Toys,3821.00,2,7642.00,"Credit Card",Delivered,"1439 Keith Courts Suite 789
Shanefurt, CT 66548",190
1230,472,"Katherine Miles",joseph33@robertson.com,2023-12-31,1034,"Home & Kitchen",945.98,7,6621.86,"Credit Card",Delivered,"657 Gonzalez Pass
New Kellyburgh, AL 33316",191
1129,300,"Sandra Davidson",norma11@marquez-hanson.org,2023-04-12,1048,Clothing,2539.27,8,20314.16,Cash,Processing,"2035 Andrew Port Apt. 589
West Sarahville, OH 58776",192
1231,230,"Anthony Smith",ballen@brown.net,2024-08-27,1055,Unknown,408.14,1,408.14,"Credit Card",Shipped,"278 Kelly Shoal Suite 786
Hallfort, VT 99226",193
1130,64,"Raven Walsh",larry31@gmail.com,2023-10-30,1005,Toys,991.26,5,4956.30,"Credit Card",Shipped,"PSC 0836, Box 5305
APO AP 29001",194
1232,189,"William Cooper II",cweber@myers-ballard.com,2024-06-03,1029,Books,3919.00,2,7838.00,"Credit Card",Delivered,"76551 Hughes Rapids Suite 821
Hopkinstown, DE 54234",195
1233,224,"Aaron Snow",connor98@hotmail.com,2023-04-21,1038,Books,979.30,4,3917.20,"Credit Card",Returned,"319 Lauren Squares Apt. 574
Port Susan, WI 94996",196
1234,384,"David Quinn",NULL,2025-01-12,1097,Toys,717.56,1,717.56,"Bank Transfer",Cancelled,"29223 Watson Curve Apt. 116
Sabrinashire, CA 20549",197
1131,344,"Jeremiah Kim",elizabeth05@jones.com,NULL,1048,Electronics,3682.59,1,3682.59,Cash,Pending,"3733 Frank Locks
Murphyberg, MD 23748",198
1235,376,"Amanda Allen",fjones@cole.com,2024-06-19,1018,"Home & Kitchen",4149.33,0,0.00,"Credit Card",Cancelled,"4287 Paul Trail
Jensenstad, WI 20667",199
1236,282,"Jonathan Johnson",jeremy45@yahoo.com,2023-05-16,1071,Electronics,2127.02,1,2127.02,Cash,Delivered,"329 Kaitlyn Valleys
North Jenniferberg, ME 60706",200
1132,326,"Shannon Parker",NULL,2023-04-07,1096,Electronics,3282.73,1,3282.73,"Bank Transfer",Returned,"028 Steven Cove
East Danashire, MD 64454",201
1237,445,"Mitchell Kirk",istevens@gill.biz,2024-08-20,1065,"Home & Kitchen",618.99,7,4332.93,"Credit Card",Returned,"4034 Johnson River Apt. 168
Jodibury, VA 91516",202
1238,120,"Timothy Turner",coleandrew@kirk.com,2024-04-15,1097,"Home & Kitchen",3379.28,2,6758.56,"Bank Transfer",Shipped,"2569 Lucas Unions
Haydenchester, WY 70558",203
1239,115,"Katherine Johnson",smithdarryl@parrish-greer.org,2023-04-17,1001,Unknown,2785.63,4,11142.52,"Credit Card",Cancelled,"8709 Jones Lock
West Kristinberg, NY 30243",204
1240,460,"Sharon Kline",edward04@hotmail.com,2024-04-04,1088,"Home & Kitchen",72.52,4,290.08,"Bank Transfer",Delivered,"190 Hill Lane Apt. 182
Leestad, FL 75395",205
1241,232,"Crystal Barnes",peterschultz@yahoo.com,2023-04-04,1004,Unknown,4924.65,0,0.00,"Credit Card",Shipped,"8846 Smith Highway
South Katherine, WA 50616",206
1242,258,"Darlene Burns",vlyons@mendoza-carr.com,2024-04-08,1004,Books,3395.55,1,3395.55,"Credit Card",Returned,"3962 Johnson Fall Apt. 044
East Rodneymouth, WA 39838",207
1243,358,"Matthew Espinoza",beverly80@hotmail.com,2023-12-02,1082,Books,3585.01,4,14340.04,Cash,Pending,"040 William Point Apt. 925
South Mirandafurt, SC 76080",208
1313,239,"James Evans",davidtorres@yahoo.com,2024-11-19,1057,Electronics,2520.58,1,2520.58,"Bank Transfer",Pending,"5155 Johnson Crescent
Mathewsmouth, MT 33956",209
1244,197,"Shirley Jones",NULL,2024-05-19,1027,Clothing,1174.82,4,4699.28,Cash,Returned,"Unit 4547 Box 5891
DPO AE 03028",210
1245,455,"Jennifer Jimenez",rkirby@mendez.com,2024-06-11,1043,Unknown,3275.58,1,3275.58,"Credit Card",Processing,"98187 Pacheco Road
Nathanshire, GA 00985",211
1314,143,"Robert Allen",mmckenzie@thompson.net,2023-08-05,1055,Clothing,4763.60,7,33345.20,"Debit Card","Not Delivered","695 Padilla Tunnel Suite 299
Antoniofurt, MA 68645",212
1246,410,User,josephwaters@west-ramos.org,2025-02-26,1059,Unknown,976.77,0,0.00,"Bank Transfer",Returned,"86580 Regina Unions Apt. 650
Port Olivia, MT 42081",213
1315,96,"Victor Becker",adamorozco@washington.com,2025-01-11,1060,"Home & Kitchen",2534.22,5,12671.10,Cash,Shipped,"15253 Patrick Gardens Apt. 115
Wilsonton, WA 17281",214
1247,136,"Shannon Barnes",danielnoble@ballard-smith.com,2024-02-03,1032,Electronics,774.97,6,4649.82,PayPal,Shipped,"9606 Browning Orchard
Tylerchester, MS 22960",215
1248,317,"Marie Rollins",mark85@wolfe.com,2024-04-03,1033,Toys,2575.77,9,23181.93,"Credit Card",Shipped,"2146 Foster Mountains
Robertsberg, MD 59565",216
1249,164,"Michael Anderson",jennapena@henry.com,2024-09-23,1028,"Home & Kitchen",3471.89,9,31247.01,Cash,"Not Delivered","PSC 2855, Box 7657
APO AA 80272",217
1316,200,"Martha Fritz",jamesbarnes@yahoo.com,2023-09-28,1099,Books,1384.81,2,2769.62,"Credit Card",Shipped,"5270 Christina Stravenue Apt. 805
East Pamelamouth, HI 35530",218
1250,224,"Timothy Thompson",owenruben@carey.com,2024-01-09,1055,Electronics,1493.80,5,7469.00,"Credit Card","Not Delivered","42535 Brad Dale
New Michelleberg, AK 14622",219
1251,306,"Kelly Torres",echandler@sanchez.biz,2024-06-21,1060,Unknown,1495.20,3,4485.60,"Credit Card",Shipped,"032 Cheryl Lakes
Lake Stephanie, TN 64800",220
1252,233,"Nathan Perry",drobinson@hotmail.com,2023-07-17,1070,Electronics,822.22,5,4111.10,"Credit Card",Shipped,"USNV Rodriguez
FPO AA 53139",221
1253,171,"Katherine Morrison",velazquezjoshua@hotmail.com,2024-02-28,1062,Clothing,1258.68,4,5034.72,"Debit Card",Pending,"284 Marks Motorway Suite 537
Johnsonshire, NM 39630",222
1254,151,"Latoya Miles",jonathangarcia@adams.net,2024-05-18,1080,Toys,3420.96,1,3420.96,PayPal,Pending,"61675 Elizabeth Court
Hansenfort, AR 93964",223
1317,123,"Barry Wilkins",brian08@gmail.com,2024-04-21,1062,Unknown,1130.07,7,7910.49,"Credit Card",Pending,"023 Kelly Causeway
Maryburgh, AZ 47588",224
1255,462,"John Johnson",millerdebra@ho.info,2025-02-11,1034,Unknown,3890.83,3,11672.49,"Credit Card",Returned,"8898 Tristan Junctions Apt. 875
West Shannonland, OR 40612",225
1318,186,"Nathan Bell",kylewhite@smith-mitchell.com,2024-12-21,1030,Unknown,1271.81,2,2543.62,"Debit Card",Returned,"524 Stephen Knolls Suite 009
Kristieside, CA 44478",226
1256,314,"Miguel Smith MD",megan04@yahoo.com,2023-12-13,1087,Unknown,2900.93,3,8702.79,"Credit Card",Processing,"9711 Cunningham Streets
Ryanborough, UT 59034",227
1319,325,"Christina Mccoy",thorntonandrew@ball.net,2023-08-04,1093,Unknown,2809.58,4,11238.32,"Credit Card",Delivered,"96047 Bruce Inlet Apt. 302
Jonesfort, MT 33944",228
1257,373,"Jennifer Stevens",hilljulie@hill.info,2024-05-29,1088,"Home & Kitchen",1418.02,7,9926.14,Cash,Cancelled,"0014 Tracy Port
West Kristy, TX 96491",229
1258,159,"Yvonne Cooper",wdouglas@pierce-sullivan.com,2024-03-28,1056,Toys,125.91,5,629.55,"Credit Card",Processing,"36230 Johnny Inlet Apt. 916
East Sherriberg, MA 49099",230
1259,95,"Johnathan Gonzalez",amanda89@yahoo.com,2025-01-03,1013,Clothing,3610.39,1,3610.39,Cash,Pending,"92669 Martinez Orchard Suite 197
Cervantesview, WV 16680",231
1260,471,"Colleen Bell",riceglenda@rodgers-cole.org,2025-01-20,1056,Books,919.93,3,2759.79,PayPal,Returned,"89352 Angela Radial
South Amy, WI 28886",232
1261,232,"Derek Barrett",robinsonkatie@anderson-david.com,2023-06-13,1018,Electronics,2802.17,1,2802.17,"Debit Card",Processing,"875 Spencer Prairie Apt. 640
New Claudiahaven, KY 50202",233
1262,179,"Steven Carroll",NULL,NULL,1054,"Home & Kitchen",4064.00,0,0.00,"Credit Card",Delivered,"32456 Turner Plaza Apt. 429
Port Lynn, IN 04245",234
1263,112,"Erica Norris",hoffmandavid@hotmail.com,2024-07-15,1077,Unknown,96.81,0,0.00,"Credit Card","Not Delivered","USNV Patterson
FPO AP 52775",235
1320,463,"Stacey Cunningham",frenchchristopher@hotmail.com,2024-03-09,1022,"Home & Kitchen",1125.72,1,1125.72,"Debit Card","Not Delivered","641 Carlson Rapid
West Kyle, AR 35338",236
1264,317,"Kimberly Johnson",wellschristina@donovan.com,2023-10-26,1043,Books,1510.45,5,7552.25,"Credit Card",Processing,"906 Mary Parkways
North James, SD 48217",237
1321,348,"Susan Herring",stacey73@rogers.com,2023-06-17,1075,Toys,4808.20,4,19232.80,"Credit Card",Delivered,"34886 Bruce Gateway
Washingtonberg, NJ 08162",238
1265,496,"Deanna Allen",ojackson@hotmail.com,2023-09-16,1039,Clothing,756.97,1,756.97,"Bank Transfer",Cancelled,"Unit 4504 Box 5742
DPO AA 46234",239
1322,258,User,oliverjulie@nelson-wong.org,2024-03-12,1084,"Home & Kitchen",2444.11,9,21996.99,"Bank Transfer",Pending,"920 Tran Shore Suite 219
Melissabury, CO 45289",240
1266,441,"Gregory Obrien",michaelcooper@byrd.com,2023-06-23,1061,Toys,2524.60,5,12623.00,"Credit Card",Returned,"Not Available",241
1267,51,"Michael Davis",gilldwayne@yahoo.com,2023-05-08,1042,Electronics,2568.28,2,5136.56,Cash,Processing,"53895 Lee Rapids Apt. 498
Leonardville, NJ 42843",242
1323,147,"Mike Andrews",anna79@pennington.org,2025-02-01,1029,Unknown,2748.60,6,16491.60,Cash,Cancelled,"82111 Garcia Expressway Apt. 043
North Donna, HI 37919",243
1268,267,"Robert Robinson",marybooth@gmail.com,2025-02-17,1081,"Home & Kitchen",1667.01,7,11669.07,"Credit Card",Shipped,"417 Mark Islands Suite 801
East Patricia, NC 25325",244
1324,251,"Deborah Padilla",smithbobby@gmail.com,2023-07-17,1041,Books,3920.72,7,27445.04,Cash,Processing,"1556 Angela Spurs
Millerchester, RI 30829",245
1269,294,"Caitlin Walker",leslie06@gmail.com,2024-04-07,1079,Unknown,452.15,9,4069.35,"Credit Card",Delivered,"Not Available",246
1270,385,"Kirk Porter",NULL,2024-05-07,1018,Unknown,1782.19,5,8910.95,"Credit Card","Not Delivered","765 Myers Harbors
East Shannonborough, ND 94612",247
1325,442,"Misty Haynes",allisonweber@chandler.biz,2024-06-04,1042,Clothing,3607.19,5,18035.95,PayPal,"Not Delivered","18263 Carter Knolls
Galvanburgh, DC 41608",248
1271,386,"Dawn Hudson",welchmeagan@williams.org,2024-08-13,1023,Books,1527.67,0,0.00,"Credit Card",Delivered,"0794 Derrick Locks Apt. 607
Christinastad, NY 97765",249
1326,419,"Nicole Smith",shawn82@brown-abbott.com,2024-01-21,1098,Clothing,4795.77,3,14387.31,PayPal,Pending,"Not Available",250
1327,402,"Jennifer Gonzalez",qjackson@arnold.com,2024-02-03,1065,"Home & Kitchen",3947.95,9,35531.55,"Credit Card",Returned,"2210 Jack Knolls
Livingstonshire, OR 42316",251
1328,345,"Christina Shaffer",isaiah80@jones.org,2023-06-17,1031,Unknown,1373.84,4,5495.36,"Credit Card",Processing,"USCGC Torres
FPO AE 49321",252
1272,112,"Patty Perez",rachael27@gmail.com,2023-07-21,1054,Books,4320.45,8,34563.60,"Credit Card",Returned,"629 Hawkins Spurs
Port Ericfurt, LA 17150",253
1329,450,"Aaron Cabrera",gary53@gmail.com,2023-10-03,1030,Electronics,2140.39,0,0.00,PayPal,"Not Delivered","1751 Jennifer Ville Suite 163
Biancafort, AZ 57264",254
1273,100,"Ian Savage",bauerbilly@hotmail.com,2024-06-01,1030,Electronics,968.96,7,6782.72,"Debit Card",Pending,"819 Brett Walk Suite 336
Lake Pamelaview, OR 45724",255
1330,146,"Daniel Deleon",xgardner@hotmail.com,2024-03-16,1018,"Home & Kitchen",1923.88,5,9619.40,PayPal,"Not Delivered","055 Baker Isle
Wilcoxhaven, FL 30934",256
1274,112,"Shannon Barry DVM",meganadams@herrera.com,2024-07-12,1098,Toys,3083.19,2,6166.38,"Credit Card","Not Delivered","2014 Stanley Streets
Pamelamouth, IN 90788",257
1331,147,"Gary Johnson",brennanjoshua@nelson-watkins.com,NULL,1017,Unknown,747.42,5,3737.10,"Credit Card",Shipped,"58683 Jennifer Cape
Jillport, WY 25540",258
1332,351,"Erin Bowers",derekwallace@douglas.com,2024-08-20,1038,Toys,2464.33,3,7392.99,"Credit Card",Cancelled,"9087 Michelle Run Suite 546
East Warrenborough, CA 48352",259
1333,198,"Linda Williams",khill@yahoo.com,NULL,1014,Clothing,2539.27,2,5078.54,"Credit Card","Not Delivered","4279 Veronica Groves Suite 516
East Allisonbury, ME 20155",260
1334,307,"Christopher Garza",holly20@jones.net,2024-04-01,1087,Clothing,4134.58,3,12403.74,"Credit Card",Cancelled,"PSC 2367, Box 3223
APO AP 53468",261
1335,488,"Jeffrey Walker",gonzalezcheryl@hotmail.com,2024-07-15,1089,Clothing,1465.61,5,7328.05,"Credit Card",Pending,"PSC 9663, Box 1226
APO AP 72306",262
1336,416,"Sean Evans",tuckersamantha@woods-mcdowell.com,2024-03-13,1079,Electronics,3860.06,1,3860.06,"Credit Card",Returned,"0206 Sherry Meadows Suite 652
Mcfarlandmouth, AZ 69831",263
1337,423,"Paul Wolf",brookeluna@gmail.com,2023-10-22,1056,Unknown,3743.29,1,3743.29,PayPal,Processing,"6342 Patrick Crossing
Daniellehaven, AR 42470",264
1338,127,User,ile@rojas.com,2024-02-15,1022,Unknown,2297.55,5,11487.75,Cash,Processing,"Not Available",265
1275,439,"Stephen Peters",douglasrush@yahoo.com,2023-08-03,1058,Clothing,944.14,5,4720.70,"Credit Card",Delivered,"570 Rivera Summit
Tracyfort, TN 32643",266
1339,38,"Michael Reyes",debra80@yahoo.com,2024-11-26,1067,Unknown,4709.37,0,0.00,PayPal,Returned,"7127 Elizabeth Lane
Ariastown, HI 90882",267
1340,337,"Benjamin Brown",morrisaaron@gmail.com,2024-03-16,1056,Unknown,530.80,2,1061.60,"Bank Transfer","Not Delivered","6792 Hansen Dam Suite 840
West Amyfort, MA 74518",268
1276,80,User,NULL,2023-10-22,1068,Toys,746.67,3,2240.01,PayPal,Pending,"USNS Fowler
FPO AP 23735",269
1341,359,"Michelle Mendez",richard17@gmail.com,2024-06-10,1019,Electronics,2505.40,8,20043.20,"Credit Card","Not Delivered","6361 Rodriguez Circles
Reevesmouth, NV 98422",270
1342,128,"Erika Hutchinson",aaronpatterson@hotmail.com,2023-10-08,1057,Books,2655.82,5,13279.10,"Credit Card",Pending,"7737 Sutton Station Suite 391
Lambview, HI 52533",271
1277,186,"Ryan Hawkins",NULL,2024-03-31,1067,Toys,2638.11,6,15828.66,Cash,Cancelled,"80780 Nelson Knoll Suite 335
Marshberg, ME 83040",272
1343,266,"Aaron Cruz",matthewweaver@graves.info,2023-08-26,1044,"Home & Kitchen",3379.84,3,10139.52,"Credit Card",Shipped,"07058 Brian Vista
New Andrewberg, TN 87525",273
1344,475,"Joseph Johnson",sydney23@gmail.com,2024-12-29,1098,"Home & Kitchen",1169.06,3,3507.18,"Bank Transfer",Shipped,"8490 Joseph Light
Lisaville, DE 28096",274
1345,440,"Alexandra Bailey",msingh@gmail.com,2024-01-08,1035,Unknown,4108.57,5,20542.85,"Bank Transfer",Shipped,"52433 Scott Street Apt. 374
North Juliechester, IA 36242",275
1346,472,"Kelly George",alexandra58@yahoo.com,NULL,1001,Toys,2235.47,5,11177.35,"Credit Card",Cancelled,"6102 Hayes Freeway
Danielborough, TN 90789",276
1278,112,"Megan Dunn",eric07@estrada-howard.org,2023-03-22,1071,Toys,280.27,2,560.54,"Bank Transfer",Returned,"1422 Harrell Lodge
East Heathertown, FL 50126",277
1347,433,"Karen Mathews",sdaniels@henson-ramos.net,2024-03-02,1052,Clothing,1751.18,7,12258.26,"Debit Card",Shipped,"PSC 8012, Box 9122
APO AA 27094",278
1279,1,"Ruben Harris",NULL,2024-06-20,1018,Electronics,3516.44,6,21098.64,"Credit Card",Returned,"005 Becky Summit
Tuckershire, GA 17368",279
1348,150,"Kerri Myers",NULL,2024-04-18,1085,Electronics,1965.98,8,15727.84,"Bank Transfer",Returned,"9608 Cameron Rapids Apt. 965
West Nicholas, MI 86350",280
1280,129,"Benjamin Thomas",NULL,2024-11-23,1007,Electronics,921.11,0,0.00,PayPal,"Not Delivered","11879 Marvin Glen Apt. 671
West Joshua, WI 77912",281
1349,414,"Tanner Young",wmartin@roberts-hernandez.com,2024-07-05,1093,Toys,4162.03,5,20810.15,"Credit Card",Processing,"99775 Jenkins Ville
Jefferyton, TX 50263",282
1350,477,"Jeffrey Davis",patrick16@yahoo.com,2024-03-06,1070,Toys,3667.10,0,0.00,Cash,Processing,"2926 Jeffrey Hills
Jenniferberg, AR 40724",283
1281,219,"Joseph Graves",NULL,2024-06-18,1040,Clothing,4088.74,7,28621.18,Cash,Delivered,"38450 Rodney Parkways
East James, CT 97654",284
1371,98,"Rachel Payne",stephanietaylor@yahoo.com,NULL,1023,Electronics,3014.54,2,6029.08,"Debit Card",Pending,"Unit 1152 Box 2354
DPO AA 36122",285
1372,146,"Colleen Cabrera",NULL,2024-10-01,1007,Unknown,4441.60,2,8883.20,"Bank Transfer",Cancelled,"7231 Sheila Locks
Lake Danielport, WV 42501",286
1292,171,"Jason Arnold",rodriguezmelissa@martinez.com,2024-12-11,1009,Unknown,474.48,9,4270.32,Cash,Pending,"68847 Potter Centers Apt. 023
South Suzanneshire, NJ 32741",287
1293,217,"Tammy Roberts MD",mendozabrooke@cole.com,2024-07-30,1047,Unknown,4918.74,6,29512.44,"Credit Card",Processing,"62900 Molina River
Cantrellview, NH 50141",288
1373,303,"Toni Sweeney",eric98@hotmail.com,2024-05-31,1044,Clothing,2367.03,0,0.00,"Credit Card",Returned,"399 Sullivan Springs Suite 392
North Dawnview, TX 51637",289
1294,159,"Robert Ross",lindaorr@allen.org,2023-03-09,1076,Electronics,1605.83,6,9634.98,"Debit Card",Returned,"514 Cooper Vista Apt. 559
Myershaven, DC 60093",290
1374,207,"Lisa Smith",kellylauren@gmail.com,2023-09-30,1053,Toys,2235.47,8,17883.76,"Debit Card",Shipped,"35881 Reed Stream
New Danielle, IA 70576",291
1295,197,"Carlos Miller",NULL,NULL,1042,Unknown,4228.53,9,38056.77,"Credit Card",Returned,"8863 Wendy Square
North Albertland, FL 94117",292
1296,415,"Christina Gomez",NULL,2024-06-14,1051,Books,205.42,8,1643.36,"Credit Card",Shipped,"032 Stevenson Stream Suite 250
New Clayton, MT 13853",293
1375,130,"Justin Williams",josephbaxter@williams.org,2023-08-07,1071,Books,257.73,1,257.73,Cash,Delivered,"581 Valerie Falls
Crystalshire, AZ 84866",294
1376,403,"Eric Martin",joseph58@jones.biz,2023-11-20,1079,Electronics,4808.35,7,33658.45,"Debit Card",Processing,"7081 Ford Summit
Jenniferborough, MN 50602",295
1297,246,"Michelle Garcia",vanessajohnson@estrada.com,2024-04-03,1056,Clothing,2789.36,3,8368.08,"Credit Card","Not Delivered","43158 Danielle Wells Apt. 095
Hancockhaven, MI 16342",296
1377,151,"Lynn Dunn",ingrammichael@hotmail.com,2024-12-29,1034,Unknown,3383.56,1,3383.56,Cash,Cancelled,"Not Available",297
1298,323,"Denise Flores",connieknight@yahoo.com,2023-09-11,1051,Electronics,4172.97,6,25037.82,"Bank Transfer",Returned,"3043 Andrews Isle
Torresstad, IN 63979",298
1299,438,"Albert Cooper",daniel77@johnson.info,2024-06-20,1070,Unknown,3492.38,4,13969.52,"Debit Card",Processing,"766 Mendoza Ranch
Norrisview, NH 98378",299
1378,53,"Kayla Smith",lambjacob@hotmail.com,2023-06-12,1046,Toys,3648.94,4,14595.76,"Debit Card",Cancelled,"6278 Solis Crossroad Suite 266
Ambermouth, UT 79007",300
1300,202,"Christian Gonzalez",xwilliamson@ramirez.com,2024-09-05,1020,Clothing,1684.12,1,1684.12,Cash,Cancelled,"Not Available",301
1379,119,"Sandra Miller",charles95@myers.com,2024-01-10,1068,Books,3406.85,2,6813.70,"Credit Card",Cancelled,"1738 Steven Orchard
Marybury, IL 61612",302
1301,183,"Joseph Smith",laurenschwartz@hotmail.com,2023-03-18,1088,Toys,105.13,5,525.65,"Bank Transfer",Returned,"52373 Shannon Estate
Port Josephville, CA 39524",303
1380,160,User,higginsgarrett@yahoo.com,NULL,1078,"Home & Kitchen",732.11,4,2928.44,"Bank Transfer",Delivered,"84687 Griffith Camp Apt. 537
Lake Alexanderview, OR 27941",304
1381,407,"Paige Morales",parkerdeanna@romero-green.net,2023-08-25,1078,"Home & Kitchen",567.80,4,2271.20,"Credit Card",Returned,"654 John Plaza
Daniellebury, DE 68943",305
1302,122,"Jane Garcia",jennifer03@thomas.com,2023-06-01,1027,Unknown,3495.67,3,10487.01,"Credit Card",Cancelled,"5236 Audrey Turnpike
Butlerberg, WV 87097",306
1382,115,"William Watkins",holmesrichard@hotmail.com,2023-12-03,1016,Clothing,209.55,0,0.00,"Credit Card",Shipped,"95732 Mercado Alley Apt. 219
Sparksmouth, OR 20235",307
1303,400,User,davidhuffman@hotmail.com,2023-08-22,1038,"Home & Kitchen",705.13,5,3525.65,"Credit Card",Delivered,"377 Casey Loaf Suite 868
East Josephstad, NV 33525",308
1304,254,"Ronald Morse",riveraheather@yahoo.com,2023-05-07,1072,Clothing,45.00,7,315.00,"Credit Card","Not Delivered","492 Hines Green Suite 301
Cervantestown, MI 80996",309
1305,293,"Juan Thomas Jr.",gjackson@stephens-beasley.info,2024-10-10,1065,Electronics,275.79,3,827.37,PayPal,Cancelled,"1260 Mccoy Rest
Hoganfort, MS 31037",310
1306,279,"Tiffany Jackson",andersonchristine@gmail.com,2023-06-23,1054,Toys,409.89,7,2869.23,"Credit Card",Returned,"6602 Chung Island
Nicolebury, RI 89720",311
1307,324,"Robert Brown",michael81@yahoo.com,2025-01-18,1024,Books,1251.88,2,2503.76,Cash,"Not Delivered","1398 Walker Street
Port Jason, RI 01656",312
1308,371,"Margaret Bell",NULL,2023-03-31,1047,Toys,4066.68,1,4066.68,"Debit Card",Processing,"074 Charles Loop Apt. 770
Gabrielport, DC 17802",313
1309,97,"Maria Patterson",nvazquez@hotmail.com,2023-12-20,1071,Unknown,4419.39,6,26516.34,"Bank Transfer","Not Delivered","PSC 4016, Box 0545
APO AA 94907",314
1310,197,"James Ford",heathricardo@hotmail.com,2024-09-07,1083,"Home & Kitchen",4294.42,9,38649.78,Cash,Cancelled,"9186 Johnson View
New Meganfort, NV 93273",315
1311,469,"Mike Howard",vmccoy@garcia.com,2024-04-14,1086,Toys,855.44,6,5132.64,"Bank Transfer",Cancelled,"Not Available",316
1312,394,"Tracey Mcgrath",hjacobson@hall-lee.com,2024-04-23,1063,Books,1067.57,1,1067.57,"Bank Transfer",Pending,"214 Brown Alley
North Andrew, NV 92650",317
1402,309,"Corey Barnes",martinsarah@cole.com,2024-05-06,1045,Electronics,4179.74,4,16718.96,"Credit Card",Cancelled,"905 Jennifer Tunnel Suite 026
Barbertown, MA 80798",318
1403,162,"Meghan Griffin",NULL,2025-01-22,1097,Clothing,3825.57,6,22953.42,"Debit Card",Shipped,"646 Renee Lake
East Andre, NC 44178",319
1404,207,"Vincent Gilbert",adam75@hotmail.com,2024-08-26,1023,Electronics,1614.69,3,4844.07,"Credit Card",Processing,"38711 Bryan Camp
Lake Jasonstad, NH 92164",320
1405,444,"Katherine Herrera",autumn67@collins-fuller.com,2023-07-20,1023,Books,4931.71,3,14795.13,"Credit Card",Cancelled,"USNV Lyons
FPO AP 25006",321
1406,168,"Marcus Griffin",garygonzales@johnson.info,2023-07-24,1026,Unknown,4671.68,0,0.00,"Bank Transfer",Processing,"3746 Thomas Radial Apt. 786
Ramirezfort, IL 32909",322
1407,483,User,NULL,2023-07-19,1077,Electronics,1461.48,4,5845.92,"Credit Card",Delivered,"628 Costa Gateway Apt. 125
Amberstad, FL 52842",323
1408,160,"Kim Bailey",lori49@forbes.com,2023-12-18,1007,Clothing,4647.88,1,4647.88,"Credit Card",Returned,"792 Finley Shore
East Andreaport, IL 28512",324
1409,67,"Justin Torres",lukeward@hotmail.com,2023-05-26,1079,"Home & Kitchen",2900.26,8,23202.08,"Credit Card",Returned,"521 Jacob Ridge Suite 006
East Troy, WA 57292",325
1410,288,"Mrs. Kelsey Clark",parkerpatricia@yahoo.com,2024-10-18,1044,Electronics,3699.41,6,22196.46,"Debit Card",Pending,"72230 Michael Station Apt. 099
West Christopherfort, VA 50100",326
1411,397,"Charles Murphy",NULL,2024-10-30,1027,Toys,1365.07,2,2730.14,"Debit Card",Delivered,"581 Roberta Summit
West Heidiville, DC 16998",327
1412,276,"Vincent Mitchell",elliswilliam@bradley-hoover.com,2023-08-19,1026,"Home & Kitchen",3105.99,4,12423.96,"Credit Card",Shipped,"62183 Brandi Port
Adamsmouth, PA 75227",328
1413,303,"Dr. Christopher Johnson",swebb@gmail.com,2024-10-08,1097,Toys,2849.76,4,11399.04,"Credit Card",Delivered,"8539 Lauren Lights
North Brian, VA 83646",329
1414,403,"Angel Owen",calebroman@gmail.com,2023-12-12,1079,Toys,711.90,2,1423.80,"Credit Card","Not Delivered","9495 David Well
Nortonmouth, MI 50043",330
1415,383,"Stephanie Parker",ryan24@carroll.com,2023-09-21,1036,Toys,2914.07,4,11656.28,"Debit Card",Returned,"55968 Johnston Union
Catherinemouth, WI 73200",331
1416,391,"Stacey Harvey",beckywheeler@gmail.com,2024-07-20,1055,Electronics,2312.32,1,2312.32,PayPal,Shipped,"5296 Landry Freeway Apt. 177
Port Jeffrey, OR 97997",332
1417,134,"Vincent Pacheco",brendacosta@yahoo.com,2024-09-05,1064,Books,4488.32,5,22441.60,"Debit Card",Processing,"Not Available",333
1418,194,User,nina68@yahoo.com,2023-10-28,1091,"Home & Kitchen",3557.77,4,14231.08,"Credit Card",Processing,"006 Potts Harbor
Hernandezhaven, NY 88038",334
1419,400,"Lauren Taylor",fitzgeraldcarrie@hotmail.com,2023-04-25,1057,Clothing,172.56,0,0.00,Cash,Returned,"89339 Rivas Cliff
North Walter, IN 99286",335
1420,127,"Rebecca Carter",maywhitney@johnson.info,2023-04-29,1069,Books,3475.66,8,27805.28,"Credit Card",Delivered,"54728 Jenny Camp
Richardfurt, ND 96814",336
1421,32,"Michelle Mcdaniel",NULL,2023-06-30,1061,Electronics,1704.38,2,3408.76,"Credit Card",Shipped,"85714 Roger Walks Suite 383
North Calvinview, OH 41553",337
1422,175,"William Wilson",NULL,2024-04-29,1002,Toys,2235.47,1,2235.47,PayPal,Pending,"USS Warren
FPO AE 41714",338
1423,459,"Julia Hart",kramermegan@yahoo.com,2024-03-30,1055,Clothing,84.19,9,757.71,"Credit Card",Processing,"50784 Lawrence Trail
North Michaeltown, GA 18150",339
1424,442,"Alan Wagner",ricardosanchez@mccall-barker.com,2023-08-30,1097,"Home & Kitchen",1636.81,5,8184.05,PayPal,Delivered,"85024 Joseph Knoll
West Danielville, KY 69363",340
1425,370,"Alexander Santiago",nathanramirez@mcintyre.com,2023-04-15,1080,Books,1400.95,1,1400.95,Cash,Pending,"4795 Rodriguez Cliff Apt. 877
Jamestown, OR 53457",341
1426,469,"Christopher Robinson",emoody@hotmail.com,2023-08-01,1087,Unknown,281.47,4,1125.88,Cash,Shipped,"9261 Johnston Mills
East Tylerside, IA 11898",342
1427,374,User,daniel78@holder-holt.com,2024-05-22,1038,Books,3477.82,0,0.00,"Debit Card",Returned,"931 Miller Landing
Port Rodney, AZ 10274",343
1428,21,"Michelle Williams",zortiz@gmail.com,2023-09-07,1080,Clothing,3200.68,1,3200.68,"Debit Card","Not Delivered","07733 Rebecca Mountains Suite 958
Lake Connormouth, VT 97918",344
1429,237,"Leslie Smith",david68@gmail.com,2024-09-25,1078,Electronics,2039.87,8,16318.96,"Credit Card",Cancelled,"4609 Christopher Square Apt. 009
Fernandezmouth, NJ 05124",345
1430,157,"Ashley Ellis",eddie67@yahoo.com,2024-01-18,1029,"Home & Kitchen",552.63,8,4421.04,"Bank Transfer",Returned,"33940 Barnett Pine Suite 917
South Danielle, OR 33673",346
1431,37,"Justin Schneider",tmurray@gmail.com,NULL,1026,Clothing,4642.04,1,4642.04,"Credit Card",Pending,"Unit 2338 Box 7224
DPO AA 50670",347
1432,229,"Michael White",NULL,2023-08-28,1035,Toys,2110.66,3,6331.98,PayPal,Delivered,"70708 Mark Vista Apt. 946
Medinamouth, MA 66466",348
1383,74,User,NULL,NULL,1071,Books,4432.41,3,13297.23,"Credit Card",Cancelled,"91113 Lisa Points
New Jeremy, MD 96668",349
1433,364,"Dr. Dennis Adams",erichardson@gmail.com,2025-01-20,1079,"Home & Kitchen",2316.13,1,2316.13,"Credit Card",Processing,"051 Kathryn Islands
Gregoryside, MA 83846",350
1384,112,"Michael Boyd",juliastewart@gutierrez-lee.com,2025-01-11,1096,"Home & Kitchen",4414.49,3,13243.47,"Bank Transfer",Delivered,"27823 Smith Spurs Suite 131
New Jasonbury, ME 06461",351
1434,50,"Victoria Glover",zsuarez@gmail.com,2024-05-24,1067,Books,902.33,9,8120.97,"Bank Transfer",Shipped,"3020 Gonzalez Drives
Kristenmouth, CT 43248",352
1385,455,"Heather Barnes",NULL,NULL,1019,"Home & Kitchen",527.12,7,3689.84,Cash,Processing,"890 Julie Mountains Apt. 651
Spencerbury, MS 42416",353
1435,437,"Paul Mcguire",jacksonbrandon@sanford.info,2023-05-27,1087,Clothing,1928.89,1,1928.89,"Credit Card",Returned,"015 Pitts Square Apt. 976
South Elizabethport, DE 70945",354
1386,419,"William Bennett",ydavis@yahoo.com,2024-04-29,1002,Unknown,2787.25,2,5574.50,"Credit Card",Pending,"4603 Angela Loaf Apt. 732
Michaelside, MI 93071",355
1436,263,"Joy Cohen",carlyburton@yahoo.com,2023-08-23,1029,Books,4373.66,2,8747.32,"Credit Card",Processing,"303 Kevin Course
Port Davidhaven, SD 30006",356
1387,421,"Kristin Gonzalez",amiller@bradshaw.com,2024-12-21,1010,Clothing,4871.88,4,19487.52,"Credit Card",Processing,"5436 Trevor Trafficway Apt. 671
Port Jared, VT 40625",357
1437,282,"Latoya Hart",jessicaanderson@simmons.biz,2023-07-22,1034,Books,2584.64,9,23261.76,"Credit Card",Processing,"65988 David Manors Apt. 117
Castrostad, OK 45988",358
1438,26,"Stephanie Sharp",kenneth37@murphy.org,2023-07-30,1097,Books,2901.27,6,17407.62,Cash,"Not Delivered","77973 Garcia Islands Suite 323
Lake Adamport, AR 37558",359
1439,225,User,greenechad@goodman.org,2024-02-17,1041,Electronics,3372.62,2,6745.24,"Debit Card",Shipped,"78179 Cole Track
South Williamberg, HI 59629",360
1440,276,"Laura Crawford",christyolson@castillo.com,2024-08-06,1041,Books,4030.26,1,4030.26,"Debit Card",Pending,"USNS Adams
FPO AE 27373",361
1441,285,"Dillon Jennings",meghan45@gmail.com,2024-02-25,1023,Toys,1890.05,0,0.00,"Credit Card",Shipped,"171 Hubbard Drives
West Jonathanside, MT 06622",362
1388,103,"Joshua Crawford",patricia69@yahoo.com,NULL,1050,Toys,2235.47,7,15648.29,PayPal,Delivered,"0816 Justin Junction Apt. 210
Williamhaven, MT 82661",363
1442,96,"Renee Shah",randy49@gmail.com,2024-10-01,1071,Toys,236.94,4,947.76,"Credit Card",Shipped,"6968 Hughes Walks Apt. 341
South Lanceton, GA 84108",364
1389,339,"Patrick Rodriguez",jesusdoyle@gmail.com,2024-12-17,1081,"Home & Kitchen",1068.41,4,4273.64,"Bank Transfer",Delivered,"54699 Melanie Point
Brianfort, VA 63438",365
1443,283,"Kathleen Garrett",bwarren@garcia.com,2024-08-04,1003,"Home & Kitchen",2507.05,0,0.00,"Credit Card",Delivered,"9775 Leonard Ridge
North Jared, MI 65644",366
1390,253,"Joseph Flores",kurt04@hotmail.com,2024-06-05,1012,Electronics,3202.77,0,0.00,"Debit Card",Delivered,"40412 Barnett Neck
Danielstad, AR 69611",367
1444,366,"Elizabeth Bell",adriennemiller@yahoo.com,2024-10-06,1058,Unknown,647.48,7,4532.36,"Debit Card",Cancelled,"PSC 3080, Box 3830
APO AA 96938",368
1391,226,"Steven Miles",garnerxavier@wilson.biz,2024-09-07,1070,Electronics,2420.19,5,12100.95,"Credit Card",Cancelled,"1106 John Park Apt. 239
Montgomerychester, MI 84736",369
1445,447,"Kelly Martinez",sblake@yahoo.com,2023-11-06,1032,Books,4077.70,6,24466.20,"Credit Card",Processing,"3673 Michael Parkway Apt. 710
South Craig, NC 77019",370
1392,111,"Kyle Frye",christophergonzalez@hancock-hill.net,2024-04-12,1022,Toys,3896.13,0,0.00,"Debit Card",Delivered,"82616 Kristen Islands
Lake Shannon, CA 79201",371
1446,480,"Brittany Mercer",williamsyvette@vasquez.com,2024-04-21,1031,Books,2599.39,9,23394.51,"Credit Card",Pending,"69450 Samuel Fort
Port Lisaville, NV 41577",372
1447,452,"Marilyn Bridges",umckinney@gmail.com,2024-07-26,1082,Clothing,3350.07,5,16750.35,Cash,Delivered,"5449 Shaw Locks
North Timothyview, AL 32475",373
1448,316,"Megan Lopez",susanrandall@burgess-wright.biz,2024-12-16,1043,Electronics,3015.34,3,9046.02,"Credit Card",Processing,"32035 Emily Hollow
South Sethfurt, OH 52549",374
1449,303,"Karen Melendez",luis54@kennedy.com,2023-10-04,1007,Unknown,77.60,9,698.40,"Credit Card",Cancelled,"7053 Kristen Station Apt. 126
Coreystad, AK 60015",375
1393,472,"Brian Smith",tamara21@hotmail.com,2024-04-30,1032,Books,2574.45,7,18021.15,"Debit Card",Pending,"253 Ramos Inlet Apt. 565
Lake Lynnborough, WV 54294",376
1450,146,"Debra Jenkins",kristen01@smith.com,2024-01-27,1001,"Home & Kitchen",2887.97,4,11551.88,"Credit Card",Delivered,"01008 Deanna Cape
West Ashley, CT 47282",377
1394,98,"Christina Yates",marissarussell@myers.com,2024-12-09,1084,Clothing,2848.56,6,17091.36,"Bank Transfer",Cancelled,"54691 Kenneth Lock
Keithtown, LA 88298",378
1451,3,"Joshua Jenkins",NULL,2024-07-10,1061,Unknown,4334.12,5,21670.60,"Debit Card",Cancelled,"74627 Wright Plains Suite 751
Johnsonport, ND 84012",379
1395,152,"Heather Washington",smiller@obrien.com,2023-12-31,1001,Unknown,4040.65,4,16162.60,"Credit Card",Processing,"49610 Holder Drive Suite 975
Trantown, MT 97789",380
1452,34,"Nichole Nguyen",NULL,2023-12-05,1014,Books,2641.53,5,13207.65,Cash,Cancelled,"00937 Rachel Club Apt. 774
Andersenbury, IL 70178",381
1396,348,"Regina Russell",tyler10@oneal-herrera.com,2025-03-01,1054,Electronics,555.31,5,2776.55,"Credit Card",Pending,"85824 Lewis Ways Apt. 783
West Ashleymouth, FL 16172",382
1397,401,"Jason Landry",ccalderon@ryan.com,2023-06-11,1058,Electronics,786.35,8,6290.80,PayPal,"Not Delivered","63640 Johnson Lane
Lake Alexis, SC 78557",383
1453,191,"Christina Casey",jeffrey34@hughes-baker.biz,2024-11-30,1052,Clothing,4202.80,7,29419.60,"Credit Card",Cancelled,"3855 April Orchard Apt. 643
South Joseph, ID 72413",384
1398,383,"Sarah Russell",snydercurtis@yahoo.com,2023-06-14,1070,Toys,3632.32,2,7264.64,"Credit Card",Processing,"99812 Chavez Forges Suite 456
Stevenmouth, VA 06162",385
1454,48,"Andrew Dunn",emilyforbes@morgan.com,2023-08-05,1096,Electronics,1697.06,1,1697.06,"Debit Card",Delivered,"5250 Bobby Parks
Jeffreyport, CT 36152",386
1455,16,"Susan Morris",hunterkaren@baker.org,2024-11-09,1006,"Home & Kitchen",4290.30,5,21451.50,"Credit Card",Shipped,"098 Monica Alley Apt. 591
Taylorshire, OH 41034",387
1456,171,User,timothybarker@yahoo.com,2023-09-27,1010,Unknown,4619.10,0,0.00,PayPal,Cancelled,"9679 Richard Mission Suite 521
West Bryan, OH 75516",388
1399,365,"Kathleen Martin",harrisannette@dean-evans.com,2023-09-12,1083,Books,1498.57,1,1498.57,"Debit Card",Delivered,"320 Emily Islands Apt. 833
Shannonland, NM 10113",389
1400,337,"Katelyn Delacruz",cpittman@taylor.info,2025-02-22,1018,Books,3357.75,0,0.00,"Credit Card",Shipped,"0499 Tracy Cliff Suite 746
Danaview, KY 18775",390
1401,193,"Allison Dunn",stevenmarshall@ashley.com,2023-07-26,1006,Toys,2235.47,4,8941.88,PayPal,Shipped,"426 Liu Trail Suite 832
Richmondtown, NJ 97997",391
1457,219,"Megan Allen",dylan90@weber.com,2024-05-14,1071,"Home & Kitchen",3748.83,3,11246.49,Cash,Shipped,"995 Brett Plaza
Philipbury, LA 63903",392
1458,157,"Julie Garner",jacqueline81@newman.biz,2023-08-16,1090,Books,3749.25,2,7498.50,"Bank Transfer",Processing,"973 Cabrera Lodge Apt. 413
South Patrickburgh, AK 42368",393
1459,476,"Karen Love",robertwang@harrison-schmidt.com,2023-10-07,1098,"Home & Kitchen",4663.54,1,4663.54,"Credit Card",Processing,"72884 Erik Row Suite 503
Lake Rachel, IN 37339",394
1460,45,"James Matthews",sfrank@gmail.com,2023-03-10,1030,Clothing,1445.04,4,5780.16,"Bank Transfer",Pending,"4171 Heather Shoal Suite 278
South Anna, RI 33514",395
1461,372,"Lisa Fuentes",jennifer00@yahoo.com,2023-08-12,1021,"Home & Kitchen",1437.64,6,8625.84,"Credit Card","Not Delivered","Not Available",396
1492,322,"James Sanchez",NULL,2024-09-09,1063,"Home & Kitchen",4213.07,2,8426.14,"Credit Card",Cancelled,"495 Campbell Parkway
Maryview, KY 39888",397
1462,5,"Bryan Reed",carrie15@wang.net,2023-05-28,1060,Toys,2000.99,1,2000.99,"Credit Card",Shipped,"243 Wiley Islands
Leahland, SD 33573",398
1463,98,"Deborah Stone",carolyn18@mora.net,2023-09-28,1081,Clothing,2503.99,9,22535.91,Cash,Processing,"PSC 6380, Box 2921
APO AP 18998",399
1493,359,"Michael Morris",NULL,2023-08-19,1090,Electronics,4332.80,9,38995.20,"Credit Card","Not Delivered","69532 Grace Squares Apt. 962
New William, TX 72159",400
1464,379,"Jennifer Orr",lawrence67@yahoo.com,2024-09-05,1097,Unknown,1962.88,9,17665.92,"Credit Card","Not Delivered","2320 Conway Turnpike
North Alexandrastad, NJ 46389",401
1494,173,"Dr. Marcus Hernandez",mhines@gmail.com,2024-09-06,1097,Unknown,2511.41,1,2511.41,"Debit Card",Processing,"350 Gordon Pass
Walterchester, NM 18151",402
1465,232,"Victor Nash",jasonaustin@johnson-wyatt.info,2023-07-28,1074,Electronics,4773.43,5,23867.15,"Debit Card",Cancelled,"47751 Grant Vista Apt. 378
New Josephchester, IA 02950",403
1495,279,User,ericpittman@owens.com,2023-04-07,1075,Books,596.22,3,1788.66,"Credit Card",Pending,"597 Howard Plains
Lisamouth, PA 08990",404
1466,36,"Lori Newton",jeffreyhughes@andrews.com,2023-04-02,1063,Electronics,4670.09,3,14010.27,"Credit Card","Not Delivered","19320 Simmons Forks Apt. 389
East Mikayla, NV 18014",405
1496,113,"Cynthia Butler",carrollemily@yahoo.com,2024-11-24,1074,Toys,1254.16,2,2508.32,"Credit Card",Cancelled,"169 Benjamin Roads
South Jillfort, ID 58815",406
1497,287,"Elizabeth Gray",wfleming@gmail.com,2025-02-05,1025,Books,2563.94,6,15383.64,"Credit Card",Returned,"819 Jasmine Springs
South Bailey, RI 99480",407
1467,279,"Leah Thompson",NULL,2024-02-19,1042,Books,738.74,7,5171.18,Cash,"Not Delivered","9394 Levy Junction Apt. 379
North Larry, MA 40951",408
1498,430,"Victoria Curtis",jenningskatrina@cooper.info,2023-04-03,1048,Clothing,2857.10,3,8571.30,"Bank Transfer",Shipped,"883 Johnson Green Suite 501
North Rebeccaland, WA 25890",409
1468,348,"Jay Lewis",michael85@yahoo.com,2025-02-28,1051,Books,3406.18,1,3406.18,"Credit Card",Cancelled,"112 Michelle Dam Suite 393
Port Timothyside, AL 13392",410
1499,341,"Dr. Tara Schultz",john61@gmail.com,2024-10-09,1043,Books,3308.93,5,16544.65,Cash,Returned,"2638 Helen Bypass
Port Justin, CO 33952",411
1500,150,"Eric Fischer",NULL,2024-12-07,1038,Electronics,2049.90,1,2049.90,"Credit Card",Processing,"50837 Paul Mountain
West Kristashire, CT 01412",412
1469,496,"Patrick Flores",ghenderson@rich.com,2023-07-08,1064,Toys,1350.45,0,0.00,Cash,Shipped,"68387 Rice Branch
Jeffreyfort, KY 92578",413
1501,449,User,miguel04@gmail.com,2024-06-11,1041,Unknown,77.50,0,0.00,"Credit Card",Delivered,"2730 Warren Street Apt. 582
North Ivan, IA 66240",414
1470,301,"Shannon Hanna",brianna68@hotmail.com,2024-08-30,1076,Unknown,2272.07,7,15904.49,"Credit Card",Cancelled,"15024 Boyd Lodge Suite 530
Levineland, AK 18749",415
1471,180,"Morgan Horn",alexandriawall@yahoo.com,2023-04-24,1056,Electronics,1595.17,4,6380.68,"Debit Card",Pending,"35430 Garza Mountain
Lake Travis, NC 77013",416
1502,126,"Scott Hall",jessica37@dixon.com,2024-08-08,1045,Books,2014.36,2,4028.72,PayPal,Cancelled,"7766 Kristina Summit
Port Nicoleburgh, GA 37322",417
1503,154,"Dana Schultz",dwallace@merritt.info,2025-01-09,1088,Electronics,918.76,4,3675.04,"Credit Card",Processing,"500 Brenda Ford Suite 939
Douglasstad, KY 28044",418
1504,489,"Eric Fox",wallacedavid@yahoo.com,2023-07-14,1040,Clothing,4922.29,2,9844.58,"Credit Card",Delivered,"74665 Long Walks Apt. 987
Starkhaven, IA 67038",419
1472,94,"Julian Swanson",tshort@mitchell.info,2023-09-28,1080,Electronics,4953.61,3,14860.83,"Bank Transfer",Returned,"PSC 1139, Box 7554
APO AA 87915",420
1505,385,"Stephanie Buchanan",NULL,2024-01-21,1097,Unknown,3000.52,0,0.00,Cash,Pending,"00760 Christopher Bypass Apt. 692
New Dustinside, WI 04592",421
1506,473,"Mr. Michael Guzman II",smithdonald@rice.com,2024-07-22,1017,Books,3747.04,6,22482.24,Cash,Shipped,"271 Holloway Neck
Lake Stephen, WA 34025",422
1473,98,"Cody Baldwin",bwells@brown-wise.com,2024-09-06,1041,Electronics,2534.75,5,12673.75,PayPal,Delivered,"7036 April Trail
Durhamshire, MS 29014",423
1507,272,"Steven Navarro",ptaylor@hotmail.com,2025-01-08,1088,Toys,3056.25,9,27506.25,PayPal,Delivered,"15686 Brooks Union Apt. 748
Port Dawn, ND 86924",424
1474,187,"Nicole Thompson",marysolomon@gmail.com,2024-10-01,1032,Electronics,1199.92,9,10799.28,"Bank Transfer",Cancelled,"Not Available",425
1508,103,"Philip Warren",eriksnyder@gmail.com,2023-06-26,1057,Toys,82.16,3,246.48,"Credit Card",Pending,"5238 Thompson Viaduct
Darrellfurt, MD 19592",426
1509,416,"Robert Hernandez",angela09@patel-edwards.com,2023-03-12,1002,Unknown,1125.25,1,1125.25,PayPal,Returned,"0763 Nunez Station
Angelashire, KS 72584",427
1475,480,"April Ryan",vicki67@gmail.com,2024-03-16,1015,"Home & Kitchen",3077.38,4,12309.52,"Debit Card",Cancelled,"PSC 5061, Box 5409
APO AA 42706",428
1510,392,"David Patton",msilva@yahoo.com,NULL,1096,Toys,2082.87,4,8331.48,PayPal,Delivered,"510 Cunningham Route
Angelaland, MN 33088",429
1511,298,"Jeffrey Fernandez",hpreston@hayes-richards.org,2024-04-11,1062,Books,473.64,1,473.64,"Credit Card",Delivered,"92677 Jacobson Knolls Suite 667
Gonzalezville, ME 36299",430
1512,245,User,brenda33@yahoo.com,2024-08-04,1088,Books,2823.15,0,0.00,"Credit Card","Not Delivered","939 Thomas Stravenue Apt. 103
New Katherine, NE 50401",431
1476,115,"Gregg Sanchez",weaverlinda@mooney.info,NULL,1062,Unknown,2300.21,7,16101.47,"Credit Card","Not Delivered","430 Collins Villages
Christinestad, KS 07329",432
1513,175,"Michelle Williams",crystal86@lloyd.com,2024-03-27,1009,Unknown,3660.71,4,14642.84,"Credit Card",Shipped,"84880 Franklin Lights Apt. 674
Natashamouth, NE 61516",433
1514,38,"Kristen Weeks",eprice@hotmail.com,2023-12-10,1068,Books,4725.11,2,9450.22,"Credit Card",Shipped,"PSC 2695, Box 1776
APO AP 89964",434
1477,190,"Robert Kemp",caitlin27@gmail.com,2023-05-29,1027,Clothing,2935.30,1,2935.30,"Debit Card",Pending,"774 Henderson Spurs
East Markchester, WV 06619",435
1515,476,"Lisa Neal",solissara@hotmail.com,2024-02-14,1081,Electronics,2858.21,5,14291.05,PayPal,Processing,"00148 Michael Roads
South Katieport, OK 48201",436
1478,252,"Jonathon Butler",dclay@kidd.org,NULL,1028,Clothing,3268.18,3,9804.54,"Credit Card",Processing,"07343 Kevin Hollow
Foxview, MN 19156",437
1516,169,"Gabriela Flores",scottperry@hotmail.com,2023-03-13,1017,Clothing,1379.80,7,9658.60,"Bank Transfer",Returned,"522 Jones Wall Apt. 466
South Dustinside, OK 90503",438
1517,246,"Ashley Giles",sstewart@young.org,NULL,1050,Toys,3540.38,5,17701.90,Cash,"Not Delivered","085 Adams Wells
Lake Meganville, AL 84493",439
1479,468,"James Rodriguez",NULL,2024-09-18,1081,Toys,3157.02,7,22099.14,"Credit Card",Processing,"PSC 5737, Box 3476
APO AA 85709",440
1518,25,"Joseph Dougherty",natasha25@frazier.info,2024-09-09,1094,Electronics,4483.04,0,0.00,"Credit Card",Processing,"Unit 1898 Box 8024
DPO AP 05875",441
1519,354,"Elizabeth Mitchell",ashley96@odom-williams.com,2023-12-16,1040,Unknown,1998.55,1,1998.55,PayPal,Pending,"28638 Christian Rapid
North Michaelmouth, KY 60220",442
1480,415,"Dana Marshall",NULL,2025-02-08,1064,"Home & Kitchen",2707.23,0,0.00,Cash,"Not Delivered","5596 Lisa Overpass
Brownborough, MD 00527",443
1520,305,"Zachary Calderon",laurahoward@yahoo.com,NULL,1058,Toys,2042.77,3,6128.31,"Credit Card",Processing,"136 Sandoval Overpass Apt. 222
New Elizabeth, NJ 37586",444
1481,470,"Robert Peterson",williammitchell@gmail.com,2024-03-31,1059,Electronics,2785.88,1,2785.88,"Credit Card",Shipped,"Unit 1390 Box 4552
DPO AA 67352",445
1521,408,"Jennifer Smith",michelle20@stephens.com,2024-04-03,1075,Electronics,3909.53,7,27366.71,Cash,Pending,"65804 Christy Prairie
New Keithton, VT 07552",446
1522,407,"Linda Brown",kimberly08@griffin.com,2023-07-08,1085,Books,2395.83,6,14374.98,"Debit Card",Returned,"290 David Court Suite 239
North Molly, VT 66206",447
1523,12,"Jamie Miles",privera@ibarra.com,2024-02-11,1021,Unknown,2511.41,1,2511.41,"Credit Card",Shipped,"Unit 0841 Box 7291
DPO AP 46131",448
1524,315,"Jon Fitzgerald",vjackson@hotmail.com,2024-05-10,1018,Unknown,1465.05,4,5860.20,"Debit Card",Pending,"82515 Julie Locks
North Glendatown, VA 75631",449
1525,390,"Michael Anderson",zochoa@yahoo.com,2024-02-14,1055,Toys,442.44,7,3097.08,PayPal,Returned,"5947 Gallagher Lake Suite 154
New Duanechester, OR 98638",450
1526,312,"Kelly Watson",twatson@jones-allen.info,2024-03-27,1029,Books,3347.57,6,20085.42,Cash,Processing,"662 Navarro Road Suite 821
Ambermouth, CO 65934",451
1527,35,"Douglas Church",valerie77@gmail.com,2023-07-05,1024,Toys,2163.90,1,2163.90,"Credit Card",Pending,"74611 Stanley Creek
Lake Ashley, MS 56392",452
1528,172,"Theresa Garcia",NULL,2023-09-14,1074,"Home & Kitchen",3047.10,9,27423.90,"Debit Card",Cancelled,"288 Spencer Trail
Lake Maria, CO 31721",453
1529,19,User,lopezamanda@garcia.biz,2024-01-30,1017,Electronics,2236.62,3,6709.86,PayPal,Delivered,"695 Bradley Motorway Apt. 577
South Michael, SD 81233",454
1530,320,"Austin Boyd",brownkimberly@yahoo.com,2025-02-24,1018,"Home & Kitchen",3219.66,5,16098.30,Cash,Processing,"319 Thomas Light Suite 795
North Gregory, NM 64335",455
1531,263,User,NULL,2023-04-12,1042,Electronics,2184.04,5,10920.20,PayPal,Shipped,"USCGC Clark
FPO AE 09350",456
1532,493,"Charles Riley",gomezmichael@adams-webb.biz,2023-11-24,1084,Clothing,192.57,2,385.14,"Credit Card",Processing,"USNV Greene
FPO AP 47875",457
1533,399,"Mrs. Alyssa Paul PhD",pamelasmith@collins.com,2024-07-12,1045,Unknown,1573.98,8,12591.84,Cash,Cancelled,"896 Horton Centers
North Derek, TX 08358",458
1534,141,"Michael Sanchez",debbie71@ewing-martin.net,2024-06-20,1082,Toys,533.47,6,3200.82,"Debit Card",Returned,"267 Guzman Corner
Johnsonfort, NH 85045",459
1535,459,"Rebecca Welch",rnichols@mcgee.com,2024-02-02,1017,Clothing,479.73,3,1439.19,PayPal,Returned,"5271 Wang Causeway
Austinland, MD 51286",460
1482,160,"Shannon Rodriguez",johnhenry@hotmail.com,2023-12-06,1058,Electronics,4648.27,6,27889.62,Cash,Cancelled,"601 Bailey Place Apt. 474
East Michaelstad, UT 85981",461
1536,370,"Joshua Sullivan",nancy77@yahoo.com,2023-06-07,1073,Clothing,3642.28,5,18211.40,"Credit Card",Processing,"17530 Smith Glen Suite 419
New Zacharyton, CO 61760",462
1483,255,"Allison Williamson",melissa32@hotmail.com,2024-09-27,1002,Books,2187.12,3,6561.36,"Bank Transfer",Cancelled,"PSC 1342, Box 0033
APO AA 13901",463
1537,470,"Amber Allen",ieverett@morales.info,2024-01-20,1014,Unknown,4887.23,2,9774.46,"Debit Card",Cancelled,"Not Available",464
1484,322,"Jodi Stokes",orichard@flynn.com,2025-02-01,1036,Books,2029.05,1,2029.05,"Credit Card","Not Delivered","662 Stephanie Pines Suite 119
South Kyle, TX 98731",465
1538,142,"Brian Carroll",vwhite@hotmail.com,2024-04-26,1049,Unknown,2511.41,1,2511.41,PayPal,Processing,"Not Available",466
1485,127,"Mrs. Robin Pugh",montoyaian@gmail.com,2023-05-26,1071,Toys,4069.01,2,8138.02,PayPal,Cancelled,"9057 John Crest Apt. 531
Allisonfort, IA 24312",467
1539,91,"Michael Robbins",grobinson@hotmail.com,2024-02-05,1029,Electronics,570.11,6,3420.66,"Credit Card",Delivered,"04235 Rachael Valleys
Mitchellmouth, NC 34605",468
1540,353,"Justin Ellis",mauricebaker@yahoo.com,2024-02-13,1095,"Home & Kitchen",4991.12,9,44920.08,"Credit Card",Delivered,"152 Rachel Road
North Alan, DE 52885",469
1486,17,"Anthony Cross",ggordon@bates.com,2024-07-19,1013,Electronics,2663.92,6,15983.52,PayPal,Shipped,"02465 Wilson Way
East Monicamouth, ME 79263",470
1541,321,"John Larson",davidfernandez@gmail.com,2024-08-01,1004,Books,246.38,4,985.52,"Credit Card","Not Delivered","Unit 0779 Box 2067
DPO AP 06704",471
1487,280,"Jon Thomas",lmarks@bird-martin.com,2024-09-10,1015,Toys,3311.08,4,13244.32,"Credit Card",Returned,"26562 Duncan Course
Andrewhaven, MN 51950",472
1542,287,"Loretta Mason",NULL,2023-03-27,1082,Electronics,3240.87,7,22686.09,"Credit Card",Pending,"534 Courtney Extensions Suite 733
Port Davidport, VA 27803",473
1488,489,"Stephanie Sanchez",ewilson@hotmail.com,2023-12-19,1089,"Home & Kitchen",4529.72,1,4529.72,"Debit Card",Delivered,"PSC 9297, Box 9072
APO AA 56017",474
1489,222,"Vickie Nguyen",fowlermelissa@yahoo.com,2023-09-11,1087,Clothing,2358.06,0,0.00,"Credit Card",Delivered,"Not Available",475
1543,214,"Marilyn Green",summerthompson@blake.com,2023-08-10,1020,Books,729.80,8,5838.40,"Debit Card","Not Delivered","03275 David Ville
North Karenland, NV 39418",476
1490,53,"Nicholas Roberts",NULL,2024-01-13,1060,Electronics,1186.66,4,4746.64,Cash,Delivered,"Not Available",477
1544,446,"Michael Perry",escobarroger@wells.com,2023-05-17,1047,Clothing,4844.24,8,38753.92,"Debit Card",Delivered,"2449 Woods Villages
North Brianna, NV 29625",478
1491,57,"Mr. Jeremy Foley",hhansen@hotmail.com,2023-08-16,1022,Unknown,663.06,2,1326.12,"Credit Card",Returned,"508 Melissa Courts
Lake Brenda, AL 67913",479
1545,341,"Anthony Alexander",griffindavid@roberts.com,2023-10-21,1009,Books,3949.86,5,19749.30,"Bank Transfer",Cancelled,"193 West Brooks
South Samanthamouth, TN 18166",480
1546,50,"Mark Garcia",NULL,2023-08-19,1077,"Home & Kitchen",1731.92,1,1731.92,"Credit Card",Pending,"900 Scott Island
East Jayfort, CT 53859",481
1547,152,"Debbie Davidson",eallen@tyler-beltran.com,2024-08-21,1079,Electronics,399.51,7,2796.57,"Credit Card",Cancelled,"215 Holly River
Lake Melissafort, DC 62923",482
1548,185,"Shannon Quinn",judy15@hotmail.com,2023-11-05,1027,Unknown,3924.69,5,19623.45,"Debit Card","Not Delivered","722 Blair Islands
West Rachelmouth, SC 61592",483
1549,62,"Pamela Allen",josephmercado@yahoo.com,2024-12-01,1015,"Home & Kitchen",4569.26,0,0.00,Cash,Returned,"900 Bush Vista
Ronnieshire, VT 25816",484
1583,307,"Christopher Reyes",robert60@atkinson.net,2025-01-27,1046,Electronics,1685.62,4,6742.48,PayPal,Processing,"467 Mckinney Mount Suite 203
Hardinghaven, OK 98785",485
1550,189,"Richard Jordan",jterrell@foster.com,NULL,1092,"Home & Kitchen",4998.71,7,34990.97,"Credit Card",Cancelled,"PSC 6872, Box 4364
APO AP 22576",486
1551,124,"Donald Cuevas",tjackson@mitchell.com,2023-06-01,1019,Electronics,3817.72,5,19088.60,"Credit Card","Not Delivered","01275 Jackson Harbors
Murphyland, WI 02954",487
1584,143,"Mark Riddle",monica28@jackson-aguirre.com,2023-10-18,1046,Unknown,2274.84,4,9099.36,PayPal,"Not Delivered","615 Bush Overpass Suite 876
West Tammymouth, IN 44054",488
1585,268,"Rachel Ryan DDS",hwatson@norton.biz,2024-09-09,1016,Clothing,1071.77,1,1071.77,"Credit Card",Shipped,"624 Renee Vista
South Jordan, MA 94527",489
1586,369,"Eric Rivera",april41@gmail.com,2024-01-19,1024,Unknown,2511.41,2,5022.82,"Credit Card","Not Delivered","13736 White Estates
Nicholasfort, DC 53011",490
1552,149,"Thomas Rogers",vvalenzuela@kirk-hernandez.biz,2023-05-12,1090,Unknown,1309.92,4,5239.68,PayPal,"Not Delivered","230 Bonilla Throughway
Williamville, WI 71603",491
1553,313,"Tiffany Baldwin",williamsjohn@harper-banks.com,2024-11-15,1052,"Home & Kitchen",4490.00,5,22450.00,"Credit Card","Not Delivered","4693 Palmer Corner
West Heather, IA 59414",492
1587,123,"Amy Kemp",singhjames@mcdaniel.com,2023-11-25,1061,Electronics,4109.14,0,0.00,"Credit Card","Not Delivered","598 Ruiz Parks Apt. 894
Danielmouth, MS 15573",493
1554,57,User,amanda54@smith-walker.com,2025-02-11,1026,Unknown,135.66,4,542.64,Cash,Returned,"Unit 4753 Box 1926
DPO AE 77068",494
1588,105,"Mark Peters",jessecox@yahoo.com,2023-11-05,1054,Electronics,3056.48,3,9169.44,"Credit Card",Cancelled,"802 Johnny Points Apt. 592
Coreyville, AR 14276",495
1589,157,"Bruce Garcia",ashley96@gmail.com,2023-09-13,1062,Books,3970.51,2,7941.02,"Credit Card",Delivered,"1356 John Vista
East Heather, NV 46593",496
1555,341,User,ywalton@williams.com,2023-05-16,1089,Toys,3022.63,2,6045.26,"Credit Card",Returned,"5268 Sherry Way Apt. 965
North Whitneyport, NM 88110",497
1590,146,"Kenneth Baker",wardzachary@hotmail.com,2025-02-24,1001,Clothing,4255.76,9,38301.84,"Debit Card","Not Delivered","7480 Flores Lane Suite 502
Francoberg, AL 20554",498
1556,304,"Karen Rodriguez",emily61@crawford-jones.com,NULL,1026,Toys,1173.86,1,1173.86,Cash,Processing,"4171 Williams Haven Suite 873
East Caitlinchester, VT 17571",499
1591,144,"Brittany Harris",kimberlyholmes@gmail.com,2023-09-24,1049,"Home & Kitchen",1348.92,8,10791.36,Cash,Pending,"102 Zhang Lake Apt. 818
Williamschester, HI 80313",500
1557,179,"Alexandra Kelley",allison91@yahoo.com,2024-07-08,1026,Toys,1299.78,2,2599.56,Cash,Returned,"385 Sheri Falls Suite 560
West Shirleyside, IA 20932",501
1558,169,"Carla Austin",ugarcia@wagner-cole.com,2023-06-29,1046,Books,2574.45,5,12872.25,Cash,Pending,"PSC 1664, Box 1399
APO AP 29364",502
1559,325,"Daniel Wilson",shelly84@yahoo.com,2024-01-09,1092,"Home & Kitchen",2507.05,5,12535.25,"Credit Card",Returned,"0498 Randall Route
Brianstad, PA 13510",503
1560,270,"Samuel Day",matthew71@yahoo.com,2024-05-11,1049,Electronics,1763.32,2,3526.64,"Credit Card",Returned,"755 Kaufman Hills Apt. 609
Robertburgh, NJ 74019",504
1561,53,"Joseph Thompson",eugene01@smith.com,2024-05-25,1082,Electronics,96.77,1,96.77,"Credit Card",Returned,"PSC 0574, Box 7529
APO AA 58942",505
1562,490,"Laura Pierce",NULL,2023-08-27,1096,Books,4024.61,6,24147.66,"Bank Transfer",Cancelled,"118 Matthew Lock
Simsside, MD 46796",506
1563,443,"Phillip Weber",NULL,2023-08-30,1053,Electronics,3770.13,1,3770.13,"Credit Card",Returned,"516 Jimenez Street Suite 681
East Kenneth, KY 80427",507
1564,100,"Erica Jackson",morgan71@smith-allen.com,2024-11-11,1003,Toys,1552.10,8,12416.80,"Credit Card",Pending,"3537 Ortega Cape
East Michael, NJ 04933",508
1565,480,"Kathryn Wallace",ilopez@brooks-duncan.com,2023-08-09,1066,"Home & Kitchen",1618.74,2,3237.48,"Debit Card","Not Delivered","487 Thomas Point Suite 371
Amandashire, MS 64612",509
1566,263,"James Harmon",alexanderarthur@yahoo.com,2025-02-18,1097,Electronics,1491.88,4,5967.52,"Credit Card",Cancelled,"183 Conner Fall Apt. 319
Christinashire, CT 80073",510
1567,52,"Kelly Smith",williamsstephen@gmail.com,2023-04-13,1042,Electronics,689.23,8,5513.84,Cash,Delivered,"PSC 9183, Box 3894
APO AE 55786",511
1568,59,"Ashley Smith",mcbridedaniel@mclean.com,2023-06-11,1019,Clothing,4566.93,6,27401.58,"Credit Card",Returned,"80104 Holly Passage Suite 900
Port Christinafort, OR 00760",512
1569,491,"Maria Stevens",salazarross@patterson.com,2024-10-22,1017,Clothing,2801.48,5,14007.40,"Debit Card",Processing,"67354 Hatfield Summit
Tylerton, OR 93355",513
1570,107,"Tonya Estes",cpugh@yang.biz,2023-03-17,1033,Clothing,3138.85,5,15694.25,"Credit Card",Processing,"518 Tina Village
North Larryborough, VT 21303",514
1571,4,"Matthew Wood",lisamitchell@gmail.com,2023-03-10,1076,"Home & Kitchen",1465.49,4,5861.96,"Debit Card","Not Delivered","8065 Johnson Lights
West Johnstad, MN 22277",515
1572,102,"Emily Moreno",cherylcook@williams.com,NULL,1049,Toys,3678.51,1,3678.51,Cash,"Not Delivered","Not Available",516
1573,195,"Melissa Weber",tarabailey@hotmail.com,2025-02-15,1056,Unknown,1729.99,4,6919.96,"Bank Transfer",Cancelled,"87619 Brittany Mission
Denisemouth, TN 47098",517
1574,261,"Sean Martin",hopkinsedward@hotmail.com,2023-06-08,1063,Toys,514.25,7,3599.75,"Credit Card",Processing,"PSC 4459, Box 6314
APO AA 56619",518
1575,364,"Kathryn Hernandez",hillrobin@yahoo.com,2023-10-29,1003,Toys,316.93,5,1584.65,"Debit Card",Delivered,"351 Amanda Groves Suite 456
Fosterchester, MT 29097",519
1576,479,"Jennifer Williams",amy69@jimenez-hart.net,NULL,1049,"Home & Kitchen",466.27,4,1865.08,PayPal,Shipped,"34342 Heather Row Apt. 010
Brandonburgh, UT 67686",520
1577,371,"Karen Ashley",smithchristopher@weaver.com,2024-06-20,1055,"Home & Kitchen",287.13,2,574.26,"Debit Card",Processing,"199 Sarah Fort Suite 785
Higginstown, OK 63495",521
1578,349,"Andrew Walton",jacob12@gmail.com,2024-11-03,1026,Clothing,4215.97,6,25295.82,"Credit Card",Processing,"60986 Sean Mill Apt. 391
Walkerborough, NE 85737",522
1579,46,"James Weeks",margaretschmidt@brown-sanchez.info,2023-12-21,1099,Electronics,2613.02,4,10452.08,Cash,Pending,"604 Julie Stream
Aaronburgh, CA 16999",523
1580,354,"Kyle Jones",ttaylor@moreno.biz,2023-04-19,1072,Books,1505.94,4,6023.76,"Credit Card",Shipped,"Not Available",524
1581,310,"Patrick Palmer",jacksonbonilla@hotmail.com,2023-04-10,1052,Books,1363.65,4,5454.60,"Debit Card","Not Delivered","16749 Linda Port
South Kimberlyville, MN 30663",525
1582,423,"Brenda Ballard",snyderkatherine@gmail.com,2023-05-07,1007,Unknown,1034.95,1,1034.95,"Bank Transfer",Shipped,"Not Available",526
1674,441,"Caroline Griffin",vharris@rogers-kim.info,2024-01-07,1006,Books,3446.55,3,10339.65,"Credit Card",Cancelled,"7278 Dennis Meadows
Harrisport, OH 85800",527
1675,95,"Maria Jones",pgray@hotmail.com,2024-06-06,1084,Books,3419.54,9,30775.86,"Debit Card",Returned,"Not Available",528
1676,256,User,jose13@singleton-foster.com,2023-04-10,1027,Unknown,2511.41,2,5022.82,"Credit Card",Cancelled,"1864 Adam Vista
Lake Gary, AL 08882",529
1677,324,"Christopher Watson",randy15@huffman.com,2023-11-27,1053,Clothing,559.05,2,1118.10,Cash,Processing,"3884 Williams Crescent Apt. 335
Lake Ashley, TN 96092",530
1678,492,"Janet Blair",garydavis@blankenship-duffy.com,2023-05-02,1048,Clothing,3856.34,9,34707.06,"Credit Card","Not Delivered","157 Karen Bypass
Javiertown, MI 41462",531
1679,3,"Kimberly Snyder",jackierobinson@rodgers.com,2024-05-18,1007,Unknown,4734.48,2,9468.96,"Debit Card",Delivered,"793 Warner Walks
Wilsonfurt, WY 89211",532
1680,15,"Amy Moreno",burkejeffrey@jones.com,2024-07-29,1059,Unknown,4375.32,4,17501.28,"Credit Card",Pending,"74332 Bobby Fords Suite 932
Rodriguezmouth, SC 66508",533
1681,279,"Mr. Robert Patel MD",kcameron@lopez.net,2023-08-05,1069,Electronics,4905.03,6,29430.18,"Credit Card",Pending,"366 Eric Squares
Lake Tara, WI 47879",534
1682,335,"Ann Patterson",lewisjason@hotmail.com,2023-05-19,1011,Electronics,4491.13,3,13473.39,"Credit Card",Cancelled,"33284 Knight Alley Apt. 873
Michellebury, NM 23927",535
1683,246,User,nmcdonald@yahoo.com,2024-03-01,1015,"Home & Kitchen",1838.16,8,14705.28,"Credit Card",Shipped,"Unit 8118 Box 1178
DPO AA 96132",536
1684,257,User,justin70@garcia.com,2023-06-17,1064,"Home & Kitchen",3444.78,0,0.00,"Credit Card",Shipped,"52023 Ortega Turnpike Suite 244
Christinahaven, FL 58334",537
1685,496,"Tyler Barrett",NULL,2024-05-20,1003,"Home & Kitchen",3634.39,5,18171.95,"Credit Card",Cancelled,"3392 Hansen Bypass Apt. 826
West Heather, GA 04986",538
1686,475,"Sydney Cunningham",lucas19@rodriguez.biz,2025-01-22,1069,"Home & Kitchen",4022.50,2,8045.00,"Debit Card",Returned,"4058 Alvarez Mountains
South Christopher, OR 63778",539
1687,383,"Christopher Cross",christine00@price.com,2024-11-17,1023,Books,1249.77,6,7498.62,Cash,Pending,"1163 Sloan Burg Suite 675
Paulborough, DC 48454",540
1688,159,"Albert Mejia",tnovak@hotmail.com,2023-04-07,1053,Books,845.46,8,6763.68,"Debit Card",Returned,"898 Thomas Motorway
Lake Rachelbury, FL 58992",541
1592,119,"Erika Harris",mcconnelljeremy@curtis.com,2024-09-18,1025,Unknown,2669.72,3,8009.16,"Bank Transfer",Processing,"82104 Garcia Harbor
South Annastad, AR 05118",542
1593,318,"Ryan Mcmillan",crystal24@gmail.com,2023-05-22,1010,Books,2287.41,1,2287.41,PayPal,Processing,"57181 Edwards Expressway Apt. 851
East John, CA 52944",543
1594,274,"Pamela Jones",rgrant@gmail.com,2024-07-16,1080,Unknown,4439.86,7,31079.02,"Credit Card",Pending,"0676 Matthew Centers
Sandovalfurt, GA 27879",544
1595,91,"Kevin Cox",christina46@yahoo.com,2024-04-19,1016,Unknown,3721.91,4,14887.64,"Bank Transfer",Returned,"6347 Freeman Shoals
West Amymouth, ND 04091",545
1596,57,"Megan Dawson",christopherschwartz@yahoo.com,2023-10-05,1058,"Home & Kitchen",1360.58,4,5442.32,"Credit Card","Not Delivered","271 Sharon Via Apt. 485
Bautistaville, NE 34944",546
1597,438,"Linda Williams",wkennedy@yahoo.com,2023-10-09,1072,Clothing,3556.38,1,3556.38,Cash,"Not Delivered","Not Available",547
1008,20,"Anthony Reynolds",cameronwilkins@collins-mcdonald.net,2025-02-09,1089,Unknown,4294.91,4,17179.64,"Credit Card","Not Delivered","896 Kevin Spring Apt. 064
Williamsland, IN 58965",548
1009,102,"Ashley Shelton",simsjessica@gmail.com,2023-03-31,1031,Books,3815.43,9,34338.87,"Debit Card",Processing,"Not Available",549
1010,121,"Matthew Mason",frank20@arnold.com,2023-05-10,1050,Clothing,1784.53,7,12491.71,"Bank Transfer",Delivered,"6583 Baker Turnpike Apt. 909
Justinmouth, TN 69183",550
1011,466,"Stephen Robles",tmassey@yahoo.com,2024-05-15,1020,Unknown,4006.81,1,4006.81,PayPal,Cancelled,"PSC 6776, Box 4786
APO AP 84316",551
1012,214,"Kylie Anthony",robertsmith@gmail.com,2024-11-27,1055,Toys,4517.16,1,4517.16,PayPal,Pending,"5510 Martin Light
Lake Julie, MD 89110",552
1013,330,"Dr. Christina Robinson",wgreen@ramsey.info,2025-01-03,1081,Clothing,295.80,7,2070.60,"Credit Card",Returned,"069 Jennifer Extensions Suite 376
Port Melissaview, LA 28124",553
1014,458,"Tara Baker",hdaniels@neal-leonard.com,2023-07-30,1002,Clothing,3244.03,1,3244.03,PayPal,Delivered,"7173 Angelica Isle
Thompsonfort, RI 83315",554
1015,87,"Douglas Martin",pamela46@davis.com,2024-10-14,1025,Toys,3776.53,2,7553.06,"Debit Card",Pending,"72831 Chang Falls Apt. 176
Wattston, NE 33764",555
1016,372,"Todd Crawford",gromero@davis.com,2024-05-06,1013,Electronics,2658.35,8,21266.80,Cash,Shipped,"3113 Gregory Wall Suite 086
Laurenbury, MT 94601",556
1017,99,"Jacqueline Mccall",nicholasyates@gordon-gentry.biz,2024-02-26,1092,Unknown,4061.84,1,4061.84,"Bank Transfer",Delivered,"9653 Wang Route Apt. 218
Williamburgh, PA 95069",557
1018,359,"Hunter Patterson",garciajohn@randall-kirby.com,2024-08-21,1070,Toys,864.98,5,4324.90,"Credit Card",Pending,"981 Christine Falls
Lambfort, MA 10096",558
1019,151,"Samantha Rosales",nking@watson.com,2023-12-21,1067,Books,4389.85,3,13169.55,"Credit Card",Shipped,"46414 Smith Village
North Andrew, MD 24414",559
1020,130,"Karen Solomon",sampsonbelinda@bates-warren.com,2023-08-04,1058,"Home & Kitchen",3282.61,2,6565.22,PayPal,Processing,"1921 Joel Union
Lake Juliamouth, NJ 44812",560
1021,149,"Jeremy Washington",loganashley@gmail.com,2023-11-01,1099,Toys,1412.55,7,9887.85,PayPal,Shipped,"77713 Griffin Crossing
North William, OK 29624",561
1022,308,"Timothy Palmer",dchen@hotmail.com,2024-04-02,1082,Clothing,4310.07,4,17240.28,"Credit Card","Not Delivered","729 Brianna Flats Apt. 942
Lake Jennifer, PA 54030",562
1023,257,"Dr. Natalie May",wraymond@bentley.com,2024-05-06,1075,Clothing,2560.40,2,5120.80,"Credit Card",Returned,"845 Baldwin Valleys
Michaelstad, WI 66024",563
1024,343,"Wanda Hart",ryan94@hotmail.com,2023-12-03,1084,Toys,272.03,8,2176.24,"Credit Card","Not Delivered","883 Ward Mountains
Lake Jamie, WV 80506",564
1025,491,"Matthew Phillips",jeffreycarroll@black.com,2024-10-03,1064,"Home & Kitchen",251.50,7,1760.50,"Credit Card",Pending,"9333 Crosby Neck Apt. 974
Kristyborough, NM 23144",565
1026,413,"Phillip Martinez",clarktara@hotmail.com,2023-09-11,1069,Toys,1916.73,3,5750.19,"Credit Card",Processing,"2894 John Orchard Suite 418
North Christina, ND 34747",566
1027,293,"Dylan Olson",jessica20@liu.com,2025-01-23,1083,"Home & Kitchen",1531.71,4,6126.84,"Debit Card",Cancelled,"0966 Austin Divide
Williamsborough, DE 54909",567
1028,385,"Taylor Rivera",sellerssamuel@gross.com,2025-03-01,1086,"Home & Kitchen",2690.73,2,5381.46,"Credit Card",Processing,"15014 Hull Canyon
New Travis, OK 88855",568
1029,191,"Jamie Wagner",zdiaz@smith.com,2023-12-08,1059,Books,2574.45,4,10297.80,"Bank Transfer",Processing,"7311 Amber Walks Apt. 456
Karenland, IA 75275",569
1031,276,"Amanda Smith",joseph63@simpson.com,2025-01-03,1083,Clothing,739.34,3,2218.02,"Credit Card","Not Delivered","2481 Wolf Lane Apt. 546
Lake Duanebury, IA 60028",570
1032,160,"Tyler Alexander",brayrachel@gmail.com,2024-08-31,1062,Clothing,4866.97,4,19467.88,"Credit Card",Cancelled,"513 Tyler Alley
Justintown, VT 74471",571
1351,297,"Terry Cervantes",nerickson@yahoo.com,2024-04-03,1037,Unknown,4757.22,5,23786.10,"Credit Card",Cancelled,"05767 Travis Mountains Suite 856
New Madisontown, CO 97962",572
1282,53,"Cindy Skinner",clee@yahoo.com,2024-08-02,1070,Toys,2604.68,1,2604.68,"Credit Card",Cancelled,"2325 Yoder Rest
Lake Laurenton, WA 12463",573
1352,98,"Diana Reynolds",crystalbarnett@henry.com,2025-01-29,1065,Electronics,3535.06,0,0.00,"Credit Card",Pending,"594 Cisneros Dam
Simmonsport, VT 68368",574
1033,459,"John Thomas",brittany60@brown-rodriguez.com,2025-02-11,1016,"Home & Kitchen",1218.51,4,4874.04,PayPal,Shipped,"0763 Barnett Shores
Watershaven, MS 89876",575
1034,313,"Daniel Espinoza",xthomas@landry.com,2024-08-10,1088,Clothing,470.07,8,3760.56,Cash,Pending,"77463 Christopher Cliff Suite 914
Rickyland, NY 33577",576
1035,21,"Jonathan Jacobs",cesarturner@wade.com,2023-08-04,1068,Electronics,4438.27,3,13314.81,"Debit Card",Returned,"Not Available",577
1036,252,"Michael Johnson",angela07@gmail.com,2024-04-27,1015,"Home & Kitchen",2071.15,1,2071.15,"Debit Card",Cancelled,"6452 Alexis Mission
Port Charles, ND 06504",578
1037,235,"Mallory Ponce",rebecca18@yahoo.com,2023-06-13,1089,Clothing,1878.62,4,7514.48,"Credit Card",Pending,"Not Available",579
1038,344,"Julie Cain",wcook@brandt-atkinson.com,2024-07-02,1055,Electronics,1598.62,1,1598.62,Cash,Cancelled,"957 Steven Stravenue
Amyside, ID 93967",580
1039,48,User,johnsontamara@maddox.info,2023-08-13,1035,Books,4665.72,5,23328.60,Cash,"Not Delivered","8272 Brian Loaf
Melissaburgh, RI 87304",581
1040,474,"Caitlin Shields",jennifer39@hotmail.com,2024-02-12,1055,Clothing,2112.04,0,0.00,"Credit Card",Pending,"57591 Tucker Rest Suite 471
Nathanport, AK 50664",582
1041,58,"Karen Acosta",fernandezangela@carlson.com,2024-10-11,1014,Electronics,4514.63,7,31602.41,Cash,"Not Delivered","74438 Megan Springs
Jessicaton, NJ 61914",583
1042,169,"Timothy Mitchell",roseaguilar@madden.com,2025-01-07,1049,Toys,2074.56,1,2074.56,"Credit Card",Delivered,"Not Available",584
1043,475,"Megan Lindsey",olsondustin@gonzalez-bryant.org,2024-10-28,1083,Unknown,382.77,5,1913.85,"Credit Card",Pending,"107 Peter Gardens Suite 068
Robinsonport, TX 37769",585
1764,368,"Zachary Green",thoward@mcintyre-peterson.com,2024-05-09,1087,Clothing,2246.91,5,11234.55,"Debit Card",Delivered,"Not Available",586
1765,182,User,NULL,2025-02-07,1007,Toys,2382.91,1,2382.91,"Bank Transfer","Not Delivered","905 Gregory Dam
Scottbury, HI 08845",587
1766,12,"Dustin Gould",uharris@montes.net,2024-07-22,1009,Books,3040.51,6,18243.06,PayPal,Delivered,"62758 Campbell Turnpike
East Mark, SC 33835",588
1767,278,"Joshua Williamson",jerryrivas@hotmail.com,2024-12-14,1001,Toys,2346.75,4,9387.00,"Bank Transfer","Not Delivered","USNV Wilson
FPO AE 85637",589
1768,216,"Leroy Anderson",ayalasamantha@schmitt.com,2024-05-16,1026,Books,1390.35,7,9732.45,"Credit Card",Returned,"6725 Bartlett Gateway
Kerrhaven, MS 60947",590
1769,354,"Marcus Byrd",jwilliams@yahoo.com,2025-01-08,1038,Electronics,807.21,0,0.00,"Bank Transfer",Pending,"82848 Hayes Corners Suite 075
East Elizabeth, KS 28930",591
1770,360,User,plevine@gmail.com,2023-10-13,1038,Books,1623.28,3,4869.84,PayPal,Cancelled,"983 Gregory Junctions
Andreafort, FL 58923",592
1771,285,"Lorraine Wilson",millernatasha@gmail.com,2023-12-04,1061,Clothing,338.08,9,3042.72,"Debit Card","Not Delivered","121 Justin Drive Suite 485
Lake John, LA 44794",593
1772,272,"Cassandra Chang",cbyrd@taylor.com,2023-06-27,1044,Books,2814.08,0,0.00,"Credit Card",Processing,"81014 Brown Parkway
Arnoldside, OK 90087",594
1773,368,"Ray Smith",kblake@yahoo.com,2023-03-21,1086,"Home & Kitchen",3516.95,6,21101.70,"Credit Card",Delivered,"082 Kelly Rapid Suite 248
West Brian, NC 30187",595
1774,61,"Erin Valenzuela",dswanson@romero-harvey.com,2025-01-04,1044,Clothing,2354.51,1,2354.51,"Credit Card",Processing,"8873 Megan Meadow Suite 012
Charlesmouth, MD 02814",596
1775,83,"David Newman",kbyrd@yahoo.com,2023-05-03,1074,Electronics,3834.69,8,30677.52,"Credit Card","Not Delivered","Unit 3854 Box 5702
DPO AE 81884",597
1776,367,"Dustin Hardy",NULL,2025-01-11,1062,Clothing,3732.54,4,14930.16,"Credit Card",Shipped,"66273 Aaron Squares Suite 773
Davisbury, ID 54599",598
1777,216,"Paul Welch",NULL,2024-11-27,1006,"Home & Kitchen",327.36,9,2946.24,"Credit Card","Not Delivered","1244 Parker Dale
Joshuafort, IA 46700",599
1778,341,"Joshua Gentry",qwilcox@glover-harper.com,2024-10-31,1017,Electronics,1792.28,6,10753.68,Cash,Delivered,"407 Graham Fields Apt. 754
Michellemouth, VT 44732",600
1779,396,"Jasmine Valentine",NULL,2024-04-28,1051,Toys,4037.02,7,28259.14,"Credit Card",Shipped,"2687 Peters Cove
West Davidchester, RI 70333",601
1780,186,"Michael Winters",hoffmanmichael@gmail.com,2024-10-08,1038,"Home & Kitchen",1588.42,8,12707.36,PayPal,Shipped,"13047 Brown Views Suite 562
West Heather, IA 12378",602
1781,18,"Charles Evans",xsmith@larson-dean.info,2023-03-16,1024,Electronics,4232.21,1,4232.21,"Credit Card",Delivered,"Unit 6296 Box 6665
DPO AP 25466",603
1782,176,User,mathisscott@patton.com,2023-06-07,1051,Books,4163.33,1,4163.33,"Credit Card",Shipped,"USNV Patterson
FPO AE 80295",604
1783,99,"Russell Morton",smithchris@hotmail.com,2024-12-02,1010,Clothing,2122.53,8,16980.24,"Bank Transfer",Pending,"4676 Nguyen Passage
Lake Christinaport, VA 78308",605
1784,395,"Joseph Butler",jason54@gmail.com,2023-06-15,1072,Electronics,12.92,3,38.76,"Credit Card",Cancelled,"474 Alexander Valleys
Lake Joshua, WA 53169",606
1785,444,"Jennifer Kelly",benitezdonald@fritz.com,2023-03-02,1021,Clothing,1723.66,5,8618.30,"Credit Card",Processing,"PSC 0032, Box 6123
APO AP 42973",607
1786,232,"Mary Burnett",jonathan12@gmail.com,2024-12-19,1070,Books,3863.19,2,7726.38,"Credit Card",Pending,"04392 Brian Plain
Lake Jimmy, OH 48325",608
1787,402,"Kevin Berry",john65@johnson.biz,2023-07-25,1085,Electronics,4776.44,6,28658.64,"Debit Card",Pending,"9611 Scott Lodge
Alexandermouth, AR 54224",609
1788,75,"Alicia Williams",NULL,2024-07-05,1057,Toys,1594.35,6,9566.10,PayPal,Delivered,"94764 Theresa Turnpike
North Michael, NC 07278",610
1789,264,"Jennifer Mcconnell",droberts@ellis-johnson.info,2023-03-29,1039,"Home & Kitchen",3730.73,1,3730.73,PayPal,Delivered,"0788 Jackson Meadows Apt. 386
New Candiceton, MO 39317",611
1790,454,"Paul Ortiz",wdennis@gmail.com,2024-06-01,1088,Electronics,2368.50,9,21316.50,"Credit Card",Processing,"PSC 7051, Box 6490
APO AP 58331",612
1791,283,"Jennifer Harrell",walkerevelyn@guerra.com,2024-12-02,1033,Books,4539.82,9,40858.38,"Credit Card",Cancelled,"59504 Woodward Drives Suite 152
North Latoyaville, SC 17127",613
1792,205,"Amber Chapman",damonlewis@buchanan.com,2023-03-14,1059,Electronics,3917.67,6,23506.02,"Credit Card","Not Delivered","699 Mercer Ways Apt. 174
Geoffreyhaven, NJ 59736",614
1793,222,"Louis Powell",crystalreynolds@taylor.info,2023-10-12,1018,Clothing,3491.37,7,24439.59,"Credit Card",Pending,"246 Ray Shoal Apt. 089
Catherinechester, MD 35697",615
1794,383,"Joanna Pierce",zjones@gmail.com,2023-06-30,1056,Unknown,2511.41,9,22602.69,Cash,Shipped,"Unit 2400 Box 0472
DPO AP 21001",616
1795,51,"Kenneth Wallace",daviscraig@allen.com,2023-07-14,1092,Electronics,156.75,8,1254.00,"Bank Transfer",Cancelled,"842 Megan Road Suite 283
West Melindaview, TX 46528",617
1796,338,"Jennifer Johnson",ashley39@hotmail.com,2024-11-26,1057,Toys,236.06,3,708.18,"Credit Card",Pending,"89587 Marcus Branch Suite 854
South John, LA 36826",618
1797,366,"Patricia Gutierrez",harriserik@yahoo.com,2024-12-29,1096,Electronics,2488.53,4,9954.12,PayPal,"Not Delivered","489 Reynolds Pines
East Michael, HI 39979",619
1798,143,"Maria Jackson",robert34@yahoo.com,2023-03-26,1076,"Home & Kitchen",963.22,2,1926.44,"Credit Card",Shipped,"00397 Long Key Apt. 223
Port Andrew, MI 09628",620
1799,372,"Janice Luna MD",paula79@gmail.com,2024-09-15,1048,Electronics,3639.89,0,0.00,"Debit Card",Pending,"8327 Vanessa Landing Suite 792
Brennanfurt, AR 21864",621
1800,68,"Daniel Johnson",randall69@hotmail.com,2024-12-08,1042,Unknown,363.71,3,1091.13,"Credit Card",Returned,"6749 Kimberly Mountains
Port Joshua, FL 69811",622
1801,98,"Robert Adams",margaret81@gmail.com,2023-08-09,1027,Clothing,269.96,5,1349.80,PayPal,Processing,"71569 Ward Walks Suite 249
North Christine, MN 32730",623
1802,395,"Mark Wood",chelsey55@yahoo.com,2023-11-03,1074,Electronics,1304.01,3,3912.03,"Debit Card",Cancelled,"778 Amanda Landing
Carlside, AL 19333",624
1803,24,"Denise Strong",smithnicole@yahoo.com,2024-05-22,1052,Toys,1310.34,2,2620.68,"Credit Card",Processing,"4085 James Fort Suite 877
Lake Jacobchester, NC 19089",625
1804,435,"Dawn Shaw",meganwilkinson@gmail.com,2023-04-27,1042,Books,1552.09,0,0.00,Cash,Delivered,"48929 Garcia Square
Lake Joseph, ID 35170",626
1805,378,"Jonathan Hall",robert81@mullen-watson.com,2023-05-24,1032,Electronics,1395.93,2,2791.86,PayPal,Pending,"11111 Sergio Valleys
Velezberg, KY 88633",627
1806,468,"Michael Stewart",david44@johnson-osborn.com,2024-03-03,1026,Electronics,3182.91,1,3182.91,"Credit Card",Shipped,"64992 Alvarado Island
Wilkersontown, NM 34015",628
1807,483,"Michael Ritter",ethompson@yahoo.com,2025-01-01,1025,"Home & Kitchen",4590.46,7,32133.22,PayPal,Shipped,"Not Available",629
1808,52,"Elizabeth Jones",abaker@yahoo.com,NULL,1075,Toys,3696.03,9,33264.27,"Credit Card",Cancelled,"727 Farmer Roads
Lake Ashley, LA 37674",630
1809,150,"Donna Morales",NULL,2024-05-01,1023,Unknown,4217.65,5,21088.25,"Credit Card",Cancelled,"2717 Isabella Route Apt. 717
Scottberg, CA 09500",631
1810,143,"Matthew Hubbard",matthew24@cunningham.com,NULL,1098,Books,3715.78,3,11147.34,"Debit Card",Processing,"95262 Mendoza Flats
Watersberg, PA 88564",632
1811,56,"Nathaniel Curtis",NULL,2024-03-23,1057,Clothing,3795.65,4,15182.60,"Credit Card",Shipped,"435 Aguilar Harbor Suite 163
Lake Cynthia, DC 58600",633
1812,38,"Billy Hernandez",davislisa@hampton.net,2023-04-23,1052,Electronics,3195.44,9,28758.96,"Credit Card",Shipped,"USNV Smith
FPO AA 57918",634
1813,108,"Cynthia Green",NULL,2025-01-26,1087,Unknown,509.94,2,1019.88,"Credit Card",Shipped,"192 Emily Squares Apt. 267
Lake Peter, WY 55615",635
1814,180,"Dale Wilson",denisesingleton@hotmail.com,NULL,1093,Books,3058.73,5,15293.65,"Bank Transfer",Pending,"96333 Davis Brooks Apt. 722
Benjaminmouth, NY 64196",636
1815,41,"Robert Williams",davenporterika@yahoo.com,2023-09-13,1031,Clothing,482.39,3,1447.17,Cash,Shipped,"Unit 3551 Box 3440
DPO AA 17154",637
1816,185,"Chelsea Gross",jeffery64@gmail.com,2023-03-15,1064,Unknown,2511.41,5,12557.05,"Bank Transfer",Delivered,"60773 Ryan Station Suite 751
Port Rebecca, NV 19841",638
1817,422,"Alan Ruiz",fergusonjennifer@yahoo.com,2024-07-02,1071,Toys,266.77,1,266.77,PayPal,Shipped,"584 Erika Junction Suite 748
Colleenmouth, OH 97017",639
1818,397,"Hannah Banks",wilsonmaria@ramos-rojas.com,2024-01-18,1033,Toys,3607.68,1,3607.68,"Bank Transfer",Delivered,"515 Anderson Mission Suite 895
West Lindseyport, PA 04872",640
1819,222,"Christopher Nelson",xfarley@walker.com,2024-07-08,1085,Books,2615.25,4,10461.00,"Credit Card",Pending,"206 David Junction Apt. 393
Lake Cindystad, MI 10333",641
1820,121,"April Clayton",castilloalicia@yahoo.com,2024-05-26,1002,Clothing,782.46,8,6259.68,Cash,Cancelled,"4621 Roberto Brook Apt. 623
Perryburgh, OK 13002",642
1821,132,User,shelly72@hotmail.com,2023-11-20,1018,Toys,2452.57,4,9810.28,"Bank Transfer",Delivered,"0360 Nicole Ways
Wheelerfort, MA 61645",643
1822,162,"Johnny Walters",charles27@valdez.com,2024-01-02,1047,Books,2100.47,4,8401.88,"Credit Card",Pending,"51199 Ruiz Course Suite 281
East Douglas, VT 19272",644
1823,214,"Mrs. Julie Burns DDS",NULL,2023-11-15,1033,Toys,182.73,2,365.46,"Debit Card",Shipped,"92261 Sheila Expressway Suite 195
New Anthonyton, KY 10562",645
1824,220,"Brianna Saunders",NULL,2023-03-25,1098,Toys,3821.36,1,3821.36,"Bank Transfer",Pending,"Unit 6511 Box 7184
DPO AA 76253",646
1825,234,"Amanda Wright",savannah69@smith-underwood.net,2023-12-19,1084,Unknown,2511.41,1,2511.41,Cash,Shipped,"166 Valdez Drive Suite 641
Derrickview, VT 45612",647
1826,330,"Paul Allen",wroberts@gmail.com,2024-03-06,1035,Unknown,436.69,9,3930.21,"Credit Card",Processing,"USS Montgomery
FPO AA 78460",648
1827,145,"Melissa Davis",mckeeshelly@hotmail.com,2024-02-20,1051,Toys,4493.59,1,4493.59,"Bank Transfer",Pending,"337 Smith Pine Apt. 524
Jaredport, AL 62418",649
1828,238,"Michael Johnson",hsmith@johnson-powers.com,2024-07-26,1018,"Home & Kitchen",4338.05,8,34704.40,"Debit Card",Cancelled,"846 Frank Pass Suite 449
Thompsonbury, LA 35384",650
1829,75,"Holly Ramirez",john27@wells-warren.com,2023-12-20,1088,Unknown,1668.77,1,1668.77,"Bank Transfer",Delivered,"24440 Burns Avenue
Shortshire, RI 94327",651
1830,8,"Brian Carr",robin04@wells.com,2025-01-09,1072,Clothing,700.79,2,1401.58,"Credit Card",Processing,"5011 Matthew Stravenue
South Davidfort, NC 98887",652
1831,73,User,NULL,2023-03-15,1030,Books,2574.45,3,7723.35,"Bank Transfer",Cancelled,"756 Knox Valley Suite 284
Sheliahaven, WV 40335",653
1832,441,"Timothy Johnson",pamespinoza@bean-aguilar.com,NULL,1044,Books,2772.87,2,5545.74,Cash,Returned,"82168 Mark Crest
Rodrigueztown, NY 40579",654
1833,491,"Vanessa Nguyen",jamessmith@johnson-miller.org,2023-12-30,1053,Clothing,4635.31,2,9270.62,PayPal,Shipped,"Unit 4238 Box 2673
DPO AA 49242",655
1834,400,"Scott Wright",juliemann@lane.biz,2023-08-23,1010,Clothing,3455.81,2,6911.62,"Credit Card",Delivered,"Not Available",656
1835,252,"Jocelyn Mclaughlin",elizabeth38@hotmail.com,2024-09-20,1087,Clothing,586.16,5,2930.80,"Credit Card",Cancelled,"020 Watson Tunnel Suite 037
Joycehaven, ND 88078",657
1836,229,"Jennifer Stark",anthonybowen@reid-brooks.com,2024-12-25,1052,Clothing,4841.20,9,43570.80,"Credit Card",Delivered,"4501 Kristin Spurs Suite 027
Vasquezchester, MA 92442",658
1837,6,"Steven Rivera",brian90@gmail.com,2025-01-20,1049,Electronics,4420.96,2,8841.92,"Credit Card",Returned,"Unit 8466 Box 8499
DPO AE 82664",659
1838,173,"Sean Shaffer",harriskatherine@king.biz,NULL,1011,Books,4286.68,0,0.00,"Credit Card","Not Delivered","13316 William Centers Apt. 406
Lake Ronaldtown, OK 87885",660
1839,140,"Shane Nelson",NULL,2025-02-21,1066,Electronics,2663.92,7,18647.44,"Credit Card",Shipped,"298 James Drive
Kleinside, MA 06510",661
1840,167,"Daniel Johnson",michellemyers@guerrero.org,2023-12-14,1058,Toys,2072.77,2,4145.54,"Bank Transfer",Shipped,"305 Jason Drives
Barrerashire, WV 05532",662
1841,169,"Thomas Zavala",stephanie37@ball-holder.net,2024-07-04,1090,Toys,1321.22,0,0.00,Cash,Pending,"7802 Joshua Alley
East Robinborough, MT 57626",663
1842,392,"David Harrison",NULL,2023-11-01,1036,Books,818.07,1,818.07,"Credit Card",Shipped,"48909 Lane Brooks
East Brianshire, LA 24023",664
1843,433,"Roy Compton",aprille@lewis-williams.com,2023-09-11,1033,Toys,3970.25,8,31762.00,"Debit Card",Shipped,"90540 Gail Viaduct Suite 550
Moniqueview, VT 09371",665
1844,282,"Peter Ochoa",sandra64@hotmail.com,2024-08-04,1047,Clothing,543.42,3,1630.26,"Credit Card",Cancelled,"923 Donald Pass
New Christy, MN 00804",666
1845,121,"Timothy Young",whernandez@yahoo.com,2025-02-08,1013,Electronics,3489.74,4,13958.96,Cash,Processing,"Not Available",667
1846,193,"Cynthia Chapman",brandon39@gmail.com,2024-02-21,1040,Clothing,1961.42,3,5884.26,"Credit Card",Shipped,"Not Available",668
1847,4,"Ashley Weiss",NULL,2024-12-30,1089,Toys,4843.35,2,9686.70,"Credit Card",Shipped,"9908 Gary Stream
Port Brian, CT 15785",669
1848,28,"Brittany Rodriguez",frazierashley@hotmail.com,2024-12-15,1068,Unknown,1953.13,7,13671.91,"Bank Transfer",Returned,"PSC 4322, Box 3260
APO AE 16507",670
1849,164,"Jeffrey Obrien",chadkirk@gmail.com,2023-07-21,1042,Electronics,2886.95,8,23095.60,"Credit Card",Processing,"2893 Kelly Flat
Millerton, AL 19243",671
1850,421,"Eric Case",abutler@hotmail.com,2024-12-21,1019,Clothing,887.33,2,1774.66,"Bank Transfer",Returned,"8531 Thomas Ville
Robertville, NV 07588",672
1851,338,"Shawn Barnett",austinmeza@gmail.com,2024-03-07,1082,Books,4779.57,6,28677.42,"Credit Card",Delivered,"000 Edwards Lights
Westmouth, MO 76063",673
1852,135,"Stephanie King",brendanjones@yahoo.com,2025-02-25,1094,Clothing,3310.16,2,6620.32,"Bank Transfer",Delivered,"61854 Megan Land
Kendramouth, OK 21630",674
1853,495,"Lisa Pittman",crystal19@mcneil.com,2023-11-16,1019,Unknown,642.24,4,2568.96,"Credit Card",Shipped,"9074 Weaver Orchard
South Nathan, VA 41701",675
1854,364,"Kevin Morgan",perryjose@yahoo.com,2025-01-14,1058,Toys,2976.19,9,26785.71,Cash,Shipped,"8938 Kenneth Loaf Apt. 172
Tracybury, NE 03719",676
1855,320,"Sarah Crawford",wsmith@yahoo.com,2023-11-09,1023,Electronics,4080.20,2,8160.40,"Credit Card",Pending,"Not Available",677
1856,341,"Evan Wood",dixonkimberly@nguyen.org,2023-10-13,1054,Books,4229.31,4,16917.24,PayPal,Delivered,"1145 Joseph Lodge
Brittanychester, CA 79772",678
1857,499,"Angela Myers",karla50@maxwell.com,2024-02-17,1080,Electronics,4846.96,7,33928.72,"Bank Transfer",Cancelled,"03685 Thomas Isle
East Loganton, DC 23741",679
1858,144,"Sergio Newton",afranklin@stokes-mendoza.com,2024-09-18,1065,Books,1790.56,7,12533.92,"Credit Card",Shipped,"90891 Vicki Alley
West Mirandaport, NV 24343",680
1859,326,"Andrea Short",olsonsara@lewis.com,2023-12-05,1012,Electronics,839.44,8,6715.52,"Credit Card",Cancelled,"744 Evans Forks
Johnsonhaven, OK 33593",681
1860,216,"Eric Allison",singletondiana@martin.com,2024-10-10,1024,Toys,2817.25,9,25355.25,"Credit Card",Shipped,"775 Jacobson Drives
Monicaburgh, WI 77438",682
1861,300,"John Jennings",bwyatt@harris-hanson.com,2023-07-01,1034,Books,1444.57,4,5778.28,"Credit Card",Cancelled,"PSC 8349, Box 0543
APO AA 67674",683
1862,131,"Stephanie Bates",nicholasmarquez@becker.com,2024-04-29,1053,"Home & Kitchen",3322.44,5,16612.20,"Credit Card","Not Delivered","750 Aaron Mountain Suite 305
Danielfurt, IN 05294",684
1863,291,"Hannah Lee",vhill@carlson.info,2024-10-22,1008,Electronics,4827.23,1,4827.23,"Bank Transfer",Cancelled,"9269 Carter Loop
East Donna, ND 25116",685
1864,69,"Louis Ramsey",jamesolson@yahoo.com,2023-03-19,1018,Electronics,3961.26,9,35651.34,"Debit Card",Processing,"25460 Gilmore Points
Lake David, CA 95535",686
1865,251,"Erik Mason",yrogers@gmail.com,2024-02-17,1057,Clothing,400.54,0,0.00,"Credit Card",Delivered,"55877 Wilson Mall Suite 456
Nataliehaven, IL 65204",687
1866,414,"Stacey Snyder",brookeporter@deleon-long.com,2025-01-29,1005,Books,1576.33,3,4728.99,"Credit Card",Shipped,"USS Watson
FPO AP 93588",688
1867,274,"Spencer Patterson",melissa91@bell.org,2023-12-20,1026,Unknown,4763.45,1,4763.45,"Bank Transfer",Delivered,"01007 Janice Skyway Apt. 842
Davisville, AZ 45324",689
1868,444,"Brenda Perez",colliermatthew@grant-spencer.org,2024-12-15,1030,"Home & Kitchen",877.67,7,6143.69,"Credit Card",Processing,"284 Crystal Parkway
Port Williammouth, PA 29192",690
1869,363,"Glenn Carter",garciaryan@walker.com,2024-05-06,1054,Toys,1407.15,0,0.00,"Debit Card",Processing,"6936 Carroll Knoll
Port Kathrynmouth, WV 28773",691
1870,181,"Steven Davies",ayerskaren@gmail.com,2024-03-26,1013,Clothing,1343.72,0,0.00,PayPal,Cancelled,"80499 Daniel Pines Suite 907
North Laura, MN 22904",692
1871,166,"Kristopher Hopkins",dgordon@bridges-torres.info,2023-09-20,1083,"Home & Kitchen",3298.34,3,9895.02,"Credit Card",Returned,"Unit 4549 Box 6055
DPO AA 28194",693
1872,90,"Rachel Harrison",esnyder@yahoo.com,2024-06-13,1029,Books,1082.94,6,6497.64,"Credit Card",Returned,"0264 Michael Parks
Gutierrezfort, IL 07831",694
1873,201,"John Campbell",kevin11@black.com,2024-04-29,1003,"Home & Kitchen",1566.85,2,3133.70,"Debit Card",Processing,"879 May Square
East Hannah, MN 41487",695
1874,345,"Michael Young",wesleywalker@stewart.net,2024-03-13,1090,Electronics,98.14,5,490.70,Cash,Returned,"Not Available",696
1875,18,"Ashley Taylor",xwelch@ramirez.com,2024-09-14,1058,Electronics,693.79,2,1387.58,"Bank Transfer",Shipped,"59613 Hunter Plaza
South Marcusshire, NH 56560",697
1876,38,"Scott White",jonathan61@gmail.com,2024-09-26,1076,Clothing,3988.72,5,19943.60,"Debit Card",Pending,"66625 Kelly Neck Apt. 495
Clarkside, IL 62742",698
1877,125,"Pamela Moore",kylelewis@gmail.com,2024-09-11,1002,Books,1551.86,9,13966.74,PayPal,"Not Delivered","778 Jeffrey Unions
Christineland, ME 47491",699
1878,450,"Cynthia Bolton",valerie06@morris-graves.com,2025-02-24,1075,Books,3685.34,1,3685.34,"Credit Card",Cancelled,"Unit 4409 Box 2355
DPO AP 75030",700
1879,172,"Amy Roberts",NULL,2024-12-28,1028,"Home & Kitchen",3278.99,5,16394.95,"Bank Transfer",Pending,"876 Reynolds Motorway Apt. 560
Hahnview, MS 58279",701
1880,140,"Sara Lyons",poncekendra@obrien.com,2024-08-20,1082,Clothing,2539.27,5,12696.35,"Credit Card",Returned,"Not Available",702
1881,241,"Jonathon Walters",xchapman@gmail.com,2024-06-28,1077,Books,336.12,2,672.24,"Credit Card",Cancelled,"226 Smith Knolls Apt. 674
West Jessica, NJ 45952",703
1882,219,"Amber Williams",maliksilva@smith.org,2025-01-04,1086,Unknown,2016.54,2,4033.08,"Debit Card",Pending,"23673 Valdez Corners Apt. 682
Georgeberg, ME 21575",704
1883,125,"Luke Watts",NULL,2024-05-20,1076,Unknown,2511.41,1,2511.41,"Credit Card",Delivered,"4360 Sarah Cliff
New Glendaport, NY 08810",705
1884,57,User,pattersonivan@ray.org,2023-04-20,1002,Electronics,3765.28,8,30122.24,"Credit Card",Returned,"425 Jennifer Divide Apt. 436
Michaelstad, VA 12772",706
1885,147,"Dustin Alvarado",pjohnson@hotmail.com,2023-11-01,1007,"Home & Kitchen",4397.59,4,17590.36,PayPal,Pending,"7660 Reese Mountain
East Scottshire, NV 77783",707
1886,475,"Christopher Buchanan",mackenzie80@foster-turner.com,2023-11-10,1026,Toys,3155.03,4,12620.12,"Credit Card",Shipped,"13116 Mercedes Roads Suite 075
Morganfort, GA 65915",708
1887,455,"Frank Bullock",jennywood@hotmail.com,2023-08-20,1090,Electronics,2442.75,6,14656.50,"Debit Card",Delivered,"9957 Bush Pike Suite 797
Shelleyville, WY 78684",709
1888,316,"Ryan Stokes",zstone@mays.biz,2024-03-04,1088,Clothing,1851.37,0,0.00,Cash,Returned,"USNV Wright
FPO AP 92666",710
1889,382,"Savannah Bradford",matthewriggs@hotmail.com,2024-10-27,1076,Books,2120.59,5,10602.95,"Credit Card","Not Delivered","936 Victoria Bypass Apt. 549
New Lisa, IN 73286",711
1890,360,"Ann Anderson",williambutler@gmail.com,2024-07-24,1016,Electronics,4514.87,1,4514.87,"Credit Card",Processing,"PSC 7683, Box 8038
APO AA 13179",712
1891,422,"Steve Sanchez",jacobskelly@holder-ramirez.com,2025-02-28,1023,Toys,4905.75,5,24528.75,"Bank Transfer",Returned,"739 Henry Plains
New Valerie, NE 63819",713
1892,NULL,"Sean Marshall",kaitlinlivingston@harris-moore.biz,2023-08-22,1040,Toys,2559.85,2,5119.70,"Credit Card",Shipped,"0257 Ricky Mills Apt. 664
South Tonyastad, CA 38735",714
1893,386,"Tyler Taylor",michael61@gmail.com,2024-08-18,1060,Unknown,515.61,1,515.61,PayPal,"Not Delivered","71381 Joshua Harbor Apt. 528
East Joannaberg, NC 84320",715
1894,460,"Lisa Bell",jennifer48@johnson.net,2023-07-09,1073,Clothing,2913.88,0,0.00,"Debit Card","Not Delivered","6098 Brooks Vista
Lambertfurt, KS 33877",716
1895,347,"Marvin Wright PhD",NULL,2024-02-22,1032,Electronics,3183.96,5,15919.80,"Bank Transfer","Not Delivered","751 Morgan Extensions Apt. 766
New Dale, KS 10596",717
1896,189,"Eric Thompson",carlsonkaren@joseph.biz,2024-05-01,1015,"Home & Kitchen",3999.81,5,19999.05,"Debit Card",Cancelled,"64916 Mckenzie Locks Apt. 545
South Benjamin, MO 14959",718
1897,190,"Jeremy Curry",bakerlaura@waller-wright.com,2023-04-06,1013,Electronics,1301.76,3,3905.28,"Bank Transfer",Cancelled,"691 Cooper Dale Suite 899
South Saraland, IA 99373",719
1898,368,User,carrollwesley@shepard.net,2023-07-03,1005,Unknown,2338.87,4,9355.48,"Credit Card",Processing,"649 Scott Neck Suite 973
New Stephen, UT 27754",720
1899,408,"Troy Simon",NULL,2024-12-20,1075,Toys,4473.52,2,8947.04,"Credit Card","Not Delivered","227 Higgins Bridge Apt. 914
Vanessahaven, NV 92585",721
1900,311,"Amanda Collins",NULL,2024-04-24,1074,Clothing,4892.33,2,9784.66,Cash,Processing,"615 Jenna Avenue
Lake Steventown, ME 07242",722
1901,416,"Tonya Manning",kwilliams@hotmail.com,2024-06-16,1052,Clothing,2780.75,1,2780.75,"Debit Card",Delivered,"686 William Ports
Lake Michael, SD 73505",723
1902,421,"Anna Schmidt",benjaminfranklin@santiago.com,2023-12-05,1077,"Home & Kitchen",2526.85,5,12634.25,Cash,"Not Delivered","Not Available",724
1903,116,"Steven Page",NULL,2023-05-05,1041,Clothing,1793.93,2,3587.86,"Credit Card",Pending,"25475 John Square Apt. 568
West Jamesberg, SC 35320",725
1904,133,User,tony74@yahoo.com,2023-12-17,1053,Unknown,2093.56,9,18842.04,"Credit Card","Not Delivered","17609 Paul Summit Suite 720
Brownville, CO 57011",726
1905,57,"Rita Patel",sara06@yahoo.com,2025-01-06,1050,Unknown,2769.68,5,13848.40,"Credit Card",Cancelled,"503 Brian Highway
Hawkinsmouth, NH 61351",727
1906,43,"Diana Castaneda",beckywilliams@moreno.org,2024-12-12,1015,Unknown,1533.47,2,3066.94,"Credit Card",Cancelled,"13773 Richard Overpass
Lake Robinville, WA 32743",728
1907,172,"Stephanie Benjamin",lesliesmith@mills.org,NULL,1007,Clothing,2944.99,5,14724.95,PayPal,Pending,"770 Leon Spur
Jennifertown, KY 42286",729
1908,159,User,townsendann@gmail.com,2023-08-23,1040,Clothing,3257.63,7,22803.41,Cash,Pending,"60315 Howard Pike Apt. 540
Richardsonshire, NM 70017",730
1909,172,"Joseph Porter",cmyers@gmail.com,2023-04-28,1028,Unknown,4803.84,5,24019.20,"Bank Transfer",Returned,"097 Alicia Passage
Lesterview, MO 14798",731
1910,316,"John Morales",ambercraig@frank-nichols.com,2023-03-14,1032,Clothing,564.93,2,1129.86,PayPal,Delivered,"42599 Melissa Underpass Apt. 271
New Angelatown, IN 62656",732
1911,302,"Dr. Debra Riley",brownjames@chavez.com,2024-02-20,1099,Clothing,2397.46,4,9589.84,"Debit Card",Delivered,"51688 Pruitt Falls
Mclaughlinborough, PA 83427",733
1912,148,"Mr. Michael Wu PhD",wardadam@brewer.net,2024-12-11,1015,Toys,1977.03,5,9885.15,"Debit Card",Delivered,"70283 Krista Valleys Apt. 658
Port Alexa, MA 67048",734
1913,79,"Heather Cross",smithwilliam@gmail.com,2024-04-28,1085,Electronics,2428.23,0,0.00,"Bank Transfer",Shipped,"55330 Hernandez Terrace
East Jesseton, NV 14230",735
1914,373,"Samantha Dominguez",robinsonbecky@gmail.com,2023-11-12,1070,Books,45.95,4,183.80,"Credit Card",Cancelled,"6613 Gary Via Suite 671
Kevinborough, MO 27628",736
1915,212,"Christopher Gibson",scott64@hotmail.com,2024-03-27,1065,Clothing,4655.95,1,4655.95,"Credit Card",Delivered,"92624 Rodriguez Rue Suite 183
Lake Joshuamouth, DC 95646",737
1600,473,"Jane Cruz",NULL,2024-10-28,1006,Unknown,3870.13,6,23220.78,"Credit Card","Not Delivered","USNS Gallagher
FPO AE 48289",738
1692,395,"Randall Pope",eric83@pittman.com,2023-11-04,1003,Clothing,2636.16,5,13180.80,PayPal,Delivered,"2870 Luke Locks Apt. 739
Charlesfort, FL 21477",739
1601,116,"James Bond",micheallee@gmail.com,2024-08-25,1016,Toys,920.08,4,3680.32,Cash,"Not Delivered","Not Available",740
1693,177,"Olivia Ray",xmiddleton@park-grimes.com,2023-06-02,1093,Toys,559.62,4,2238.48,"Bank Transfer",Returned,"PSC 5351, Box 5574
APO AA 08744",741
1602,317,"Tracy Gould",cblack@gmail.com,2023-08-19,1020,Clothing,1642.22,4,6568.88,PayPal,Pending,"587 Kathleen Alley Suite 011
West Heatherton, NJ 02695",742
1694,162,"Jason Wallace",NULL,2024-11-12,1070,Books,1270.00,9,11430.00,"Credit Card",Cancelled,"26034 Debra Unions Apt. 741
Brianhaven, DC 46837",743
1603,278,"Daniel Silva",kathleen55@baird.com,2023-11-22,1080,Toys,617.53,2,1235.06,Cash,Delivered,"15254 Gregory Stravenue
Tinaside, TN 08443",744
1695,379,"Nicolas Ramsey",leslie76@beltran-white.com,2023-10-17,1017,"Home & Kitchen",513.26,9,4619.34,"Bank Transfer",Pending,"Not Available",745
1604,126,"Erica Powell",rmiles@ferguson.com,2024-12-03,1071,Unknown,1986.65,5,9933.25,PayPal,Delivered,"333 Gonzales Pine
Davisburgh, NY 65314",746
1696,32,"Tanya Mills",darrell02@hotmail.com,2024-05-29,1026,"Home & Kitchen",2507.05,1,2507.05,"Credit Card",Returned,"532 Amanda Drives Apt. 673
Christinaport, AZ 73022",747
1605,392,"Jill Davis",jeanetterubio@gmail.com,2023-08-11,1078,"Home & Kitchen",769.91,2,1539.82,"Debit Card",Returned,"6667 Joseph Grove Suite 608
New Samanthamouth, MN 91044",748
1697,416,"Joseph Ali",davidpowers@powell.com,2023-11-16,1021,Toys,2235.47,2,4470.94,PayPal,Cancelled,"11745 Kenneth Point
West Cindy, OK 74529",749
1606,395,"Michelle Chaney",moorejose@white-parker.com,2024-02-10,1043,Toys,2235.47,7,15648.29,"Credit Card",Pending,"560 Lydia Unions Suite 824
Blackburnhaven, LA 79717",750
1698,444,"Dawn Bradford",oconnordawn@hotmail.com,2024-04-02,1072,Clothing,3303.63,8,26429.04,"Bank Transfer",Delivered,"89029 Julie Forks Suite 041
Jennifermouth, NE 11034",751
1607,128,"Emily Norris",ramirezjoshua@gmail.com,2024-04-10,1026,Clothing,4102.28,6,24613.68,Cash,"Not Delivered","111 Taylor Valley
Adamsport, NY 76182",752
1699,178,"Barbara Ayala",lbrock@hotmail.com,2023-11-15,1021,"Home & Kitchen",2269.04,2,4538.08,"Credit Card",Pending,"14013 Randy Cape
New Sherriton, ME 20924",753
1700,426,"Jennifer Jackson",glenwatkins@fuller-caldwell.com,2025-02-19,1011,Clothing,1802.77,8,14422.16,Cash,"Not Delivered","301 Alyssa Pass
New Ricky, NH 47853",754
1701,100,"Sarah Benitez",barmstrong@yahoo.com,2023-04-03,1038,Unknown,207.78,3,623.34,Cash,Delivered,"Not Available",755
1702,267,"Jennifer Romero",manderson@hotmail.com,2025-01-14,1072,Toys,3955.29,5,19776.45,"Debit Card",Shipped,"5372 Stephens Manors
East Stephaniehaven, OH 45435",756
1703,322,"Teresa Rice",kbenson@hotmail.com,2024-02-22,1088,Clothing,3582.16,1,3582.16,"Debit Card",Cancelled,"8334 Rodriguez Drives
Rogersmouth, IN 80702",757
1704,64,"Michael Shah",NULL,2025-02-24,1035,Unknown,1239.79,8,9918.32,"Credit Card",Pending,"PSC 2561, Box 5884
APO AA 51275",758
1705,416,"Nicholas Bailey",briangoodwin@martin-ball.com,2023-04-14,1014,Clothing,521.37,4,2085.48,Cash,Pending,"9534 Mata Lock
Baileyview, RI 94192",759
1706,167,"Mary Chambers",NULL,2024-06-18,1014,Clothing,654.48,3,1963.44,"Credit Card",Processing,"011 Kelly Ford Suite 608
Port Michael, MS 89398",760
1707,329,"Amanda Wilson",joseph01@hayes.com,2023-12-12,1010,"Home & Kitchen",1054.83,8,8438.64,"Credit Card",Processing,"98065 Perry Rapid Suite 282
North Sydney, IA 74340",761
1708,42,"Jerry Medina",barbarajohnson@gmail.com,2024-01-13,1012,Electronics,2382.72,0,0.00,Cash,Delivered,"7350 Bates Roads
Phillipsview, IN 61300",762
1709,43,"Vanessa Meyer",campbellbrian@petersen-edwards.com,2023-09-25,1038,Books,178.53,3,535.59,"Debit Card",Pending,"56376 Phelps Island Apt. 849
Jenkinsland, ME 75755",763
1710,284,"Tiffany Jackson",beverlymeyer@yahoo.com,2024-03-16,1034,Clothing,2985.31,3,8955.93,"Bank Transfer",Cancelled,"USCGC Delgado
FPO AA 55503",764
1711,396,"Jill Ware",lorimiller@little-johnson.org,2023-04-29,1041,Clothing,2403.23,6,14419.38,"Credit Card",Delivered,"51945 Andrew Curve
Julietown, OR 13881",765
1712,11,"Melanie Lyons",daniel65@jimenez.net,2023-08-14,1010,Clothing,318.30,0,0.00,"Credit Card","Not Delivered","8878 Payne Heights Apt. 407
New Marvin, SD 62466",766
1713,94,"Catherine Walsh",NULL,2024-05-07,1017,Electronics,2476.30,1,2476.30,"Credit Card",Delivered,"153 Medina Row Suite 864
Lindsayborough, PA 97611",767
1714,301,"Amy Cooper",millerjasmine@patterson.com,2024-09-15,1017,Unknown,4429.08,4,17716.32,"Debit Card",Delivered,"6076 Ann Union
North Andreamouth, VT 97646",768
1715,385,User,xrivera@gmail.com,2023-06-28,1067,Toys,821.91,3,2465.73,"Credit Card","Not Delivered","8071 Patricia Centers
Brittneychester, OR 88339",769
1716,252,"Billy Farrell",william19@yahoo.com,2023-10-22,1062,"Home & Kitchen",2507.05,5,12535.25,"Credit Card",Shipped,"3703 Love View Apt. 303
East Amanda, ME 63654",770
1717,498,"Lisa Lopez",deanmichelle@hotmail.com,2023-06-30,1095,Electronics,3045.95,7,21321.65,"Bank Transfer",Processing,"8352 Santana Mission
East Erin, FL 85313",771
1718,241,"Samantha Ward",meyerwilliam@yahoo.com,2023-09-28,1001,Unknown,1132.69,3,3398.07,"Bank Transfer",Cancelled,"24813 Dixon Ford Apt. 449
East Shannonshire, MN 26589",772
1916,202,"Lori King",sarahbutler@zamora.com,2024-11-15,1004,Books,70.32,4,281.28,"Credit Card",Returned,"0826 Harris Light Apt. 604
East Karen, MT 34063",773
1719,34,"Lindsey Perez",leslie32@hotmail.com,2023-10-24,1012,Clothing,2539.27,3,7617.81,"Bank Transfer",Shipped,"00385 Amanda Crescent Suite 922
Blakeville, AZ 45269",774
1720,214,"Peter Olson",NULL,2023-03-13,1004,Unknown,4052.77,5,20263.85,PayPal,Shipped,"69953 Bell Parkways Suite 281
East Staceystad, TX 68633",775
1721,336,"Kimberly Parker",jamesnelson@gmail.com,2023-06-30,1042,Electronics,642.20,0,0.00,PayPal,Shipped,"3302 Stephens Corner
North Amber, OR 79713",776
1722,89,"Melissa Carroll",tylerwilliams@hall.com,2024-02-21,1013,Electronics,3363.03,2,6726.06,"Credit Card",Processing,"02788 Cardenas Junctions Suite 283
North Melvin, OK 36307",777
1723,263,"Randy Schroeder",NULL,2025-01-09,1098,Electronics,2238.57,3,6715.71,"Bank Transfer",Returned,"50195 Skinner Ridges Apt. 662
Ortegaborough, KS 77335",778
1608,57,"Anthony Rogers MD",tjones@hotmail.com,2023-03-26,1090,Clothing,1208.19,5,6040.95,"Bank Transfer",Delivered,"960 Pineda Brook
Port Sallybury, IN 19096",779
1724,92,"Cynthia Edwards",jason75@morales.com,2023-12-24,1085,Toys,3923.76,3,11771.28,"Credit Card",Processing,"58499 Scott Ford Apt. 143
Kennethmouth, DE 01025",780
1725,409,"Mike White",mmorris@ferrell.biz,2023-08-07,1086,Books,2606.77,0,0.00,"Credit Card",Shipped,"156 Diaz Rapid
Lake Ronald, PA 16316",781
1726,457,"Lori Davis",lovelindsey@hotmail.com,2023-12-03,1004,"Home & Kitchen",4151.81,2,8303.62,Cash,Returned,"2426 Allen Streets
New Mirandaburgh, MO 42671",782
1727,89,"Phillip Gregory",silvamichelle@ramirez.com,2024-10-02,1082,Toys,3492.87,0,0.00,"Credit Card","Not Delivered","401 Billy Island
Ericborough, IN 50469",783
1728,417,"Mary Bradley",NULL,2024-04-23,1069,Toys,106.30,7,744.10,PayPal,Processing,"3359 Reid Mountains
Lake Brian, AL 49659",784
1729,114,User,mitchell62@powell-simmons.com,2024-02-22,1019,Books,2570.95,6,15425.70,"Debit Card",Cancelled,"7675 Nichole Knolls
South Tylerstad, CT 13294",785
1730,104,"Rebecca Jones",carpenterbrandy@gmail.com,2023-08-18,1002,Toys,627.86,8,5022.88,"Credit Card",Shipped,"Not Available",786
1609,121,"Joshua Murphy",elizabeth75@gmail.com,2023-07-05,1078,"Home & Kitchen",3578.60,7,25050.20,"Credit Card",Cancelled,"086 Edwards Knoll
Clarkview, IL 00604",787
1731,390,"Jose Aguilar",robert92@hotmail.com,2024-11-21,1012,Electronics,3822.46,4,15289.84,"Credit Card",Pending,"PSC 4241, Box 3052
APO AA 56941",788
1610,NULL,"Joseph Morales",adamstewart@moore.com,2025-01-29,1071,Toys,1659.39,4,6637.56,"Debit Card",Cancelled,"41468 Taylor Common
Kathrynchester, IA 36071",789
1732,195,"Gregory Neal",NULL,2024-08-11,1081,Electronics,3792.72,3,11378.16,PayPal,"Not Delivered","42767 Jackson Village
West Latoya, AZ 66176",790
1917,251,User,marialester@gmail.com,2024-01-24,1011,Books,3270.55,3,9811.65,"Credit Card",Returned,"USNS Adkins
FPO AE 18643",791
1611,238,"Ronnie Braun",kimberly04@gmail.com,2024-07-12,1033,Toys,2778.02,9,25002.18,"Credit Card",Cancelled,"381 Alicia Mountains
New Grant, ID 00682",792
1733,313,"Karen Stanton",abbottaaron@gmail.com,2023-12-18,1074,Unknown,3084.22,2,6168.44,Cash,Returned,"4356 Brown Trail
Grahamchester, FL 39552",793
1612,289,"Gary Crawford",xbell@brown.com,2023-05-02,1026,Electronics,2666.72,1,2666.72,"Bank Transfer","Not Delivered","PSC 4907, Box 1573
APO AP 87345",794
1734,113,"Amber Bray",heatheranderson@miller-lin.com,2024-01-26,1098,Clothing,3201.58,5,16007.90,"Credit Card",Processing,"79396 White Canyon
Mckayburgh, WA 02730",795
1735,492,"Joshua Waller",ashleyoconnor@yahoo.com,2023-10-02,1006,Toys,4729.19,7,33104.33,"Credit Card",Cancelled,"990 Christine Shore Suite 964
Potterbury, NM 96617",796
1736,74,"Kenneth Reese",knorton@johnson-simmons.com,2024-03-06,1008,Clothing,1910.17,2,3820.34,PayPal,Delivered,"766 Grace Prairie
Port Michael, WY 35153",797
1918,228,"Charles Smith",edward29@yahoo.com,2023-12-04,1026,Toys,2235.47,5,11177.35,"Debit Card",Delivered,"93882 Brown Heights Suite 296
Candicemouth, NY 38974",798
1613,95,"Jenna Roberts",NULL,2023-09-07,1045,Books,4757.46,3,14272.38,"Credit Card","Not Delivered","17044 Williams Loaf Suite 171
North Zachary, KS 32084",799
1737,412,"Heather Valencia",esingh@oneill.com,2024-11-27,1051,"Home & Kitchen",863.51,2,1727.02,"Credit Card",Cancelled,"6713 William Fork
Davidfurt, ND 57315",800
1919,163,"Kristina Gibson",lorihughes@hotmail.com,2023-10-13,1061,Clothing,1109.29,0,0.00,"Credit Card",Pending,"939 Harold Summit
Port Susanmouth, AK 94116",801
1614,125,"Adam Jackson",smithjennifer@williams.biz,2023-10-21,1084,Clothing,3889.51,5,19447.55,PayPal,Returned,"2105 Stephanie Forges Apt. 058
Lake Mark, MD 30026",802
1738,375,"Denise Davis",jasonhayes@yahoo.com,NULL,1011,Electronics,531.46,0,0.00,"Credit Card",Cancelled,"585 Campbell Inlet
North Ellenhaven, MT 28912",803
1615,117,"Frederick Lopez",lisa31@harris.com,2023-09-09,1063,Electronics,4465.36,6,26792.16,"Credit Card",Processing,"Not Available",804
1739,419,"Kathryn Miles",llewis@hotmail.com,2023-08-15,1063,Unknown,1708.77,5,8543.85,"Credit Card",Shipped,"953 Todd Trafficway
East Marciaville, MS 68201",805
1616,47,"Maria Douglas",jodi00@hotmail.com,2025-01-20,1067,Clothing,2654.71,1,2654.71,"Bank Transfer",Returned,"6967 Amber Summit
New Megan, SD 43833",806
1740,216,"Michael West",mistystanley@kline.biz,2023-04-05,1057,"Home & Kitchen",3559.85,3,10679.55,"Credit Card",Shipped,"899 Michael Manors Apt. 529
Allenchester, TN 57600",807
1617,88,"Adam Gregory",lcruz@mclaughlin.biz,NULL,1052,Electronics,4252.63,4,17010.52,"Debit Card",Returned,"Not Available",808
1741,276,"Thomas Waller",bryan56@yahoo.com,2023-03-07,1012,Unknown,3364.25,5,16821.25,"Bank Transfer",Processing,"06698 Hendrix Station
South Laurie, NJ 79536",809
1920,226,"Emily Munoz",donnaedwards@hayes-baldwin.org,2024-10-27,1037,Unknown,2731.78,5,13658.90,"Credit Card",Returned,"673 Erica Road
East Charlotte, LA 73543",810
1618,487,"Mark Webb",NULL,2023-03-21,1068,Books,1202.35,3,3607.05,"Credit Card",Shipped,"4689 Ariel Islands
North Donnahaven, IA 48122",811
1742,248,"Nina Hudson",tcastillo@yahoo.com,2023-04-01,1073,Books,2795.32,6,16771.92,"Bank Transfer",Processing,"11465 Taylor Station
Port Keithhaven, SC 32278",812
1743,163,"Emily Leach",gvillanueva@hotmail.com,2024-08-09,1002,Electronics,559.42,5,2797.10,"Bank Transfer",Returned,"6400 Jacqueline Lake
Shortbury, NJ 75265",813
1619,236,"Nancy Rodriguez",churchchristopher@taylor.com,2023-08-07,1026,Electronics,1155.56,0,0.00,"Credit Card",Cancelled,"9194 Cohen Rapid
Aliciaton, RI 54671",814
1744,393,"Robert Freeman",hammondmichael@hughes.com,2024-02-26,1008,"Home & Kitchen",2146.18,0,0.00,"Credit Card",Processing,"72034 Frazier Ways
East Markfurt, OR 48696",815
1921,146,"Shirley Sparks",ogrant@yahoo.com,2024-04-30,1023,Books,2574.45,0,0.00,"Credit Card",Processing,"659 Mark Shores
West Dale, KY 17084",816
1620,372,"Michelle Finley DVM",jessica61@yahoo.com,2024-11-04,1075,Clothing,676.78,4,2707.12,Cash,"Not Delivered","PSC 1894, Box 8375
APO AA 27639",817
1922,19,"Lindsey Beltran",emily71@kelly.com,2024-10-19,1093,Clothing,2501.03,3,7503.09,"Bank Transfer",Pending,"4444 King Dam Apt. 367
West Robert, ND 69102",818
1621,384,"Stephanie Duarte",esmith@yahoo.com,2024-07-06,1002,Toys,4567.66,8,36541.28,"Credit Card",Cancelled,"9902 Tucker Causeway Apt. 074
North Stacey, OK 28655",819
1745,356,"Julia Allen",nicholas52@wang.biz,2024-02-25,1011,Books,2833.65,6,17001.90,"Credit Card",Returned,"7874 Brian Divide Apt. 162
Katherineland, DE 38117",820
1622,271,"Nathan Lee",sarah04@yahoo.com,2023-10-15,1014,Clothing,3742.43,3,11227.29,"Bank Transfer",Returned,"PSC 2986, Box 5343
APO AE 84465",821
1746,456,User,bankskyle@yahoo.com,2023-04-25,1053,"Home & Kitchen",1426.56,5,7132.80,Cash,Shipped,"9424 Samantha Road Suite 451
North Nicole, CT 34499",822
1623,188,"Benjamin Robinson",brian14@hotmail.com,2023-09-27,1030,Unknown,1241.58,8,9932.64,"Credit Card","Not Delivered","6303 Thompson Rest
New Sharonview, HI 49864",823
1747,407,"Jerry Ortega",esnyder@gmail.com,NULL,1010,Unknown,1680.01,3,5040.03,"Credit Card",Shipped,"148 Carl Islands
Combston, DC 56083",824
1923,440,"Kevin Carlson",angelaluna@gmail.com,2024-12-28,1085,"Home & Kitchen",746.27,1,746.27,"Credit Card",Processing,"14912 Cruz Village Suite 475
South Robertview, MS 12555",825
1624,486,"Rachael Murray",richardwilson@brown.net,2023-12-23,1049,"Home & Kitchen",3816.15,2,7632.30,"Credit Card",Pending,"Not Available",826
1924,401,"Jennifer Robertson",woodgregory@thornton.com,NULL,1091,Unknown,4522.49,4,18089.96,Cash,Cancelled,"134 David Stravenue
New Deborahstad, MS 66178",827
1748,191,"Nicole Mitchell",brandi33@gmail.com,2023-09-11,1085,Books,2881.05,3,8643.15,"Credit Card",Pending,"7905 Alan Estates
North Shawn, CT 37947",828
1625,191,"Scott Stephenson",zcallahan@sanchez-walton.net,2024-06-28,1012,"Home & Kitchen",4772.21,5,23861.05,"Bank Transfer",Delivered,"358 Carroll Squares
Angelville, KS 32144",829
1925,46,"Jason Henderson",hickmanolivia@brown.com,2023-04-06,1040,"Home & Kitchen",4936.14,8,39489.12,"Debit Card",Shipped,"5871 Kenneth Ridges
Port Danielle, MD 44374",830
1749,226,"Rebecca Harrison",eileenkennedy@yahoo.com,2023-11-19,1084,Books,628.97,4,2515.88,"Debit Card",Pending,"371 Christopher Highway
Heatherburgh, MT 39104",831
1626,446,"Mathew Washington",millerrebecca@yahoo.com,2025-02-19,1090,Unknown,4811.69,6,28870.14,"Bank Transfer",Delivered,"7770 Larry Alley
West Scottchester, SC 81982",832
1750,176,"Julia Miller",flowerscolton@hotmail.com,2023-07-23,1008,Electronics,2663.92,3,7991.76,"Credit Card","Not Delivered","46310 Melody Glens
East Vanessa, IL 85001",833
1627,68,"Douglas Lopez",mrowland@king-ramos.org,2023-04-26,1044,"Home & Kitchen",991.38,3,2974.14,Cash,Returned,"26843 Jeffrey Green
Lisatown, MS 81457",834
1751,98,"Kenneth Wagner",christineharris@mosley-ochoa.info,2024-09-17,1036,Clothing,2539.27,3,7617.81,"Credit Card",Shipped,"2591 Savage Path Suite 445
Russellhaven, NV 24357",835
1628,277,"Robert Schneider",kflores@white.biz,2023-03-27,1033,"Home & Kitchen",3425.44,7,23978.08,PayPal,Processing,"5626 Jessica Summit Apt. 827
Kochside, GA 19054",836
1752,495,"James Jacobs",umyers@hotmail.com,2023-06-18,1093,Unknown,230.22,2,460.44,"Credit Card",Delivered,"3389 Yates Mall
North Lauraville, WA 48742",837
1926,232,"Matthew Taylor",ucolon@strong-knight.com,2024-01-30,1077,"Home & Kitchen",1976.33,0,0.00,"Credit Card",Returned,"3603 Conrad Key Suite 294
South Lawrence, WV 10726",838
1629,348,"Sharon Welch",cooperbrianna@hotmail.com,2024-02-25,1013,Books,3933.48,4,15733.92,"Debit Card",Cancelled,"0303 James Land Suite 154
Abigailbury, ME 91709",839
1927,304,"Robert Paul",david28@yahoo.com,2024-03-13,1023,Books,2085.88,2,4171.76,Cash,Pending,"623 Ryan Estates Apt. 347
Dustinmouth, NY 09474",840
1928,13,"Sherri Thomas",sbrown@scott.biz,NULL,1016,"Home & Kitchen",1550.62,9,13955.58,"Bank Transfer",Processing,"809 Woodward Park
Phillipsview, NH 41734",841
1929,142,"Samantha Butler",dcantu@hotmail.com,2024-10-19,1094,Toys,2621.17,9,23590.53,"Credit Card",Delivered,"1585 Morrison Common Apt. 803
North Patrick, NE 98525",842
1753,35,"Mark Walker",williambrady@yahoo.com,2024-01-15,1076,Unknown,4360.57,6,26163.42,"Credit Card",Pending,"33762 Garcia Junction Suite 257
New Kristintown, NH 12633",843
1630,246,"Cynthia Tate",alisondaniel@eaton.info,2023-11-26,1078,Toys,2235.47,5,11177.35,"Debit Card",Pending,"43529 Wilkerson View
Port Amber, WV 81750",844
1631,450,"Evan Holland",michellecherry@hotmail.com,2023-12-30,1088,Toys,1658.43,5,8292.15,"Debit Card","Not Delivered","283 Linda Island Apt. 183
Sabrinaton, NC 14411",845
1754,465,"Dorothy Hill",adrian85@shaw.com,2024-08-18,1014,Books,2184.33,1,2184.33,"Credit Card",Returned,"9244 Wood Trace Suite 472
North Cheryl, IL 34721",846
1632,75,"David Chavez",eric66@fields.net,2023-11-08,1098,Clothing,1567.24,5,7836.20,"Credit Card",Processing,"2867 Cynthia Wall
Jimmyport, MI 13117",847
1930,414,"Dr. Joshua Rojas Jr.",NULL,2024-04-06,1061,Toys,2235.47,9,20119.23,Cash,Processing,"91617 Sheppard Summit Apt. 379
Lake Georgefurt, HI 66105",848
1755,496,User,tracycarr@yahoo.com,2023-12-18,1054,Books,4171.52,3,12514.56,Cash,Cancelled,"03482 Miranda Landing Suite 528
Port Jeremiah, NC 13434",849
1756,486,"Monique Riggs",ricardo86@kerr.com,2024-03-05,1085,Electronics,3814.04,4,15256.16,"Credit Card",Processing,"831 Bradley Tunnel Suite 657
Josephton, TX 32909",850
1931,NULL,"Michelle Boyer",jeffreyruiz@gmail.com,2024-12-01,1068,Books,64.43,5,322.15,"Credit Card",Processing,"6156 Pamela Tunnel
Patriciafort, ID 13591",851
1633,153,"Rebecca Sanchez",flemingmadeline@wheeler.info,2024-02-27,1026,Unknown,2976.79,2,5953.58,"Credit Card",Cancelled,"509 Wall Pike Apt. 316
Lake Tannerside, NE 33643",852
1932,372,"Heather Ortiz",meghanthompson@yahoo.com,2024-12-05,1080,Clothing,34.59,5,172.95,"Credit Card",Cancelled,"4836 Obrien Walks
Jenniferside, ME 15948",853
1757,95,"John Davis",francodavid@gmail.com,2023-12-17,1086,Clothing,1743.39,2,3486.78,"Credit Card",Processing,"295 Meredith Cove Apt. 228
Lake Patrickland, MN 14131",854
1634,143,"Aaron Rodriguez",martinezmarisa@yahoo.com,2023-03-17,1021,Electronics,4946.76,5,24733.80,"Credit Card",Returned,"4638 Patrick Circles
South Jamesland, GA 15521",855
1933,53,"Adrian Pittman",charlescontreras@edwards-simmons.com,2024-11-03,1031,Electronics,320.49,5,1602.45,"Credit Card","Not Delivered","9789 Shea Burg Suite 060
South Kimberly, VT 01342",856
1635,434,"Leslie Norton",plucero@hall.com,2024-02-21,1028,Clothing,4924.83,7,34473.81,PayPal,Cancelled,"0247 Reyes Station Suite 895
South Benjamin, WV 66602",857
1934,373,"Courtney Blankenship",marshallnicole@clark.com,2024-07-15,1053,Clothing,2081.32,7,14569.24,"Credit Card","Not Delivered","055 Carolyn Divide Suite 758
South Theresa, FL 86549",858
1758,151,"Dr. John Cherry",amandachang@hotmail.com,2024-12-16,1021,Unknown,2355.01,5,11775.05,"Bank Transfer","Not Delivered","22215 Mccormick Path
Brookstown, ME 79534",859
1935,258,"Rachel Underwood",nicholas47@bell-parsons.com,2024-12-05,1025,Clothing,1752.50,3,5257.50,"Credit Card",Delivered,"728 James Grove
Sierrafurt, AR 20330",860
1636,484,"Cynthia Glenn",rebeccacrosby@hotmail.com,2024-01-24,1048,Clothing,2539.27,1,2539.27,"Credit Card",Returned,"9167 Kristen Row Apt. 125
West Jennifer, AL 92919",861
1759,150,"Marco King",ksantos@yahoo.com,2024-03-12,1050,Toys,4998.54,2,9997.08,Cash,Pending,"Not Available",862
1637,85,"Joseph Miller",onavarro@wood-chen.com,NULL,1040,Clothing,543.73,2,1087.46,"Debit Card",Shipped,"PSC 9605, Box 9769
APO AE 10402",863
1760,189,"Mrs. Amy Rodriguez",dominique73@hotmail.com,2023-12-15,1094,Toys,1812.04,0,0.00,"Debit Card",Cancelled,"4733 Daniel Expressway Apt. 100
Wesleymouth, PA 26803",864
1638,184,"Jason Moore",gonzalezalexander@williams.com,2024-07-07,1066,Clothing,4195.25,1,4195.25,"Credit Card",Delivered,"86794 Schwartz Pine
Hallmouth, IA 19024",865
1761,223,"Carolyn Baldwin",NULL,2024-03-05,1039,Clothing,2539.27,2,5078.54,"Bank Transfer",Cancelled,"691 Gibson Forks Suite 978
Lake Jesse, HI 01528",866
1639,284,"David Gonzalez",zpowell@wilson.com,2024-03-28,1073,Toys,2235.47,8,17883.76,"Credit Card",Processing,"59221 Flores Estates Apt. 039
East Jennifermouth, OH 53752",867
1936,143,User,djohnson@rodriguez.org,2023-05-29,1044,Clothing,3923.12,1,3923.12,"Credit Card",Cancelled,"525 Susan Burgs Apt. 678
Port Edward, OH 24461",868
1762,36,"Wendy Harrington",oelliott@gmail.com,NULL,1020,"Home & Kitchen",3521.05,5,17605.25,"Debit Card",Pending,"1499 Terri Alley
Whitefort, WI 62899",869
1937,470,"Lisa Lynch",kevin69@yahoo.com,2023-06-21,1012,Clothing,3742.29,1,3742.29,"Credit Card",Cancelled,"Not Available",870
1640,461,"Margaret Hunt",marcus54@hotmail.com,2024-02-13,1087,Electronics,2837.81,1,2837.81,PayPal,Delivered,"5085 Jessica Via Suite 172
Jamesmouth, AL 59788",871
1763,267,"Julia Jones",doylekevin@yahoo.com,2023-07-29,1088,Electronics,4839.47,6,29036.82,PayPal,Delivered,"2207 Torres Trail Suite 718
New Philipport, IA 37000",872
1938,440,"Brandon Sullivan",yrosales@rhodes-wilson.org,2023-09-06,1090,Unknown,4318.41,7,30228.87,"Credit Card",Cancelled,"491 Ross Centers Suite 706
West Dannyport, TN 66466",873
1641,219,User,scott36@williams.net,2024-12-03,1079,Clothing,2379.11,2,4758.22,"Credit Card",Cancelled,"732 Shannon Spur Suite 347
South Aprilport, MA 56248",874
1939,458,"Eric Sandoval",angela36@nguyen.com,2023-07-01,1097,Electronics,1077.12,6,6462.72,PayPal,Cancelled,"Unit 1227 Box 9447
DPO AA 04585",875
1642,68,"Vincent Ryan",larry78@yahoo.com,2025-01-02,1077,Toys,672.05,6,4032.30,PayPal,Pending,"504 Matthew Glen
Reneemouth, NM 41969",876
1940,11,"Ricardo Riley",kelly44@hotmail.com,NULL,1092,Unknown,2532.89,1,2532.89,"Credit Card","Not Delivered","19621 Lewis Walk Suite 007
East Reneefort, VT 77299",877
1643,46,"Joseph Fitzgerald",grayjohn@gmail.com,2023-10-14,1023,Clothing,3080.55,8,24644.40,Cash,"Not Delivered","Not Available",878
1644,496,"Timothy Johnson",veronicapeterson@gmail.com,2023-09-07,1081,"Home & Kitchen",2023.72,5,10118.60,"Credit Card",Returned,"410 Robert Union
North Michael, SD 17161",879
1941,329,"Miranda Richards",johnathan34@hotmail.com,2024-09-05,1009,"Home & Kitchen",4165.49,0,0.00,"Debit Card",Pending,"Not Available",880
1645,93,"Joseph Blanchard",michellehardin@gmail.com,2023-12-17,1048,Clothing,2080.39,5,10401.95,"Debit Card","Not Delivered","26347 Johnson Via
Jonesside, GA 94614",881
1942,223,"Nancy Mason",huntererica@gilbert-velez.com,2023-10-16,1012,Clothing,4233.57,4,16934.28,"Credit Card",Cancelled,"40161 Le Heights
South Juliehaven, NJ 27532",882
1646,237,"Heather Short",alyssa20@moore.com,2023-07-21,1002,Unknown,185.86,1,185.86,"Credit Card",Delivered,"9271 Bowen Fork Suite 000
Williamview, MN 15005",883
1647,445,"Andrea Bowen",swalters@hicks-glover.com,2024-07-26,1084,Unknown,3544.86,2,7089.72,Cash,Pending,"8333 Moore Plaza
Cortezfort, WV 67056",884
1943,271,"Christina Ortega",deannahenson@arroyo.com,2023-03-28,1069,Toys,162.94,0,0.00,"Bank Transfer",Pending,"589 Robin Mountains
Lake Joseville, MN 29437",885
1648,499,"Scott Ferguson",lisalewis@yahoo.com,2024-10-05,1020,Clothing,1530.64,3,4591.92,"Debit Card",Pending,"055 Mathews Rapids
Lake Tiffanyside, PA 64929",886
1944,455,"Barbara Green",rshort@gmail.com,2024-01-15,1054,Books,4503.83,8,36030.64,"Debit Card",Processing,"54878 Robert Island
Port Meganmouth, UT 99537",887
1649,452,"Justin Moran",townsendmichelle@yahoo.com,2023-08-19,1059,Books,1832.77,1,1832.77,PayPal,"Not Delivered","4044 Amanda Crest
Gailchester, CO 55644",888
1650,203,User,nicole30@gmail.com,2024-03-21,1046,"Home & Kitchen",3362.64,4,13450.56,PayPal,Delivered,"682 Yu Hills Suite 140
Deannaborough, PA 92393",889
1945,357,"Andrea Green",ygiles@gmail.com,2024-02-01,1054,Books,3415.22,5,17076.10,Cash,Processing,"PSC 9779, Box 2075
APO AA 87446",890
1946,459,"Donald Pugh",james49@gmail.com,2024-12-14,1028,Unknown,3634.72,2,7269.44,"Credit Card",Cancelled,"50845 Gilmore Divide Apt. 383
Tinaport, OK 38775",891
1947,407,User,mcdowellvictor@hotmail.com,2024-06-16,1056,Unknown,4161.79,2,8323.58,"Bank Transfer",Returned,"94037 Amy Bypass Apt. 578
Meganville, GA 51016",892
1948,155,"Ryan Fox",pittmankimberly@wiley.org,2023-04-18,1099,Toys,3330.25,7,23311.75,"Bank Transfer",Shipped,"USS Carrillo
FPO AP 20932",893
1949,372,"Mrs. Mariah Jackson",NULL,2023-07-03,1069,Clothing,3288.31,5,16441.55,"Credit Card",Returned,"4772 Delgado Pass
Reyesfort, WI 10712",894
1950,7,"Ashley Travis",jamesstewart@newman.com,2024-11-06,1098,Electronics,769.04,3,2307.12,Cash,Processing,"458 Dave Valleys
East Peggy, VT 13733",895
1951,121,"Bridget Aguilar",jorge02@gmail.com,2024-05-09,1098,"Home & Kitchen",2553.68,3,7661.04,"Credit Card",Shipped,"215 Stanley Squares
Robertside, RI 55978",896
1952,347,"Anna Alexander",hornetrevor@yahoo.com,2023-08-11,1077,Books,1411.99,2,2823.98,"Credit Card",Returned,"371 Jennifer Shores Apt. 618
Lake Jessicamouth, ID 74109",897
1953,163,"Toni Bell",wrightlori@gmail.com,2024-03-12,1058,"Home & Kitchen",2242.74,3,6728.22,"Credit Card",Cancelled,"1276 Hood Divide
Fullerhaven, NC 63331",898
1954,89,"Russell Willis",aguilarwillie@yahoo.com,2023-11-03,1078,Electronics,2133.45,4,8533.80,"Credit Card",Pending,"2294 Michael Corners
Michaelview, AL 03411",899
1955,135,"Amy Nash",diazgabrielle@yahoo.com,2024-11-05,1075,Unknown,805.80,5,4029.00,PayPal,Shipped,"45124 Sarah Brook
South Derekbury, CT 39873",900
1956,185,"Angela Smith",rossdaniel@eaton.com,2023-07-26,1042,Books,1170.09,5,5850.45,"Credit Card","Not Delivered","646 Aaron Curve
Ramirezburgh, VT 90597",901
1957,315,"Ann Knight",petersonsean@jones-sparks.com,2023-12-10,1038,"Home & Kitchen",158.72,2,317.44,"Debit Card",Delivered,"86817 Sean Stravenue
Collinshaven, IL 73665",902
1958,177,"Teresa Johnson",qreed@gmail.com,2023-06-09,1068,Unknown,3804.50,5,19022.50,"Bank Transfer",Shipped,"49960 Brady Terrace Suite 806
North Laura, VA 60840",903
1959,27,"Tyler Lynch",rmiddleton@douglas-gray.com,2023-11-01,1053,Electronics,4658.17,3,13974.51,"Credit Card",Shipped,"90647 Kemp Port Apt. 705
East Julie, WY 05113",904
1960,219,"Amber Murphy",teresa77@gmail.com,2024-07-13,1033,"Home & Kitchen",3740.88,1,3740.88,"Credit Card","Not Delivered","0866 Malone Meadow Suite 724
Youngland, IA 51187",905
1961,356,"Cynthia Evans",annlopez@yahoo.com,2023-07-21,1071,Clothing,3887.59,0,0.00,"Credit Card",Cancelled,"PSC 4169, Box 1412
APO AA 40976",906
1962,40,"Linda Cardenas",friedmancaroline@king.biz,2024-11-16,1056,Unknown,1809.53,3,5428.59,"Debit Card",Returned,"81659 Harris Spur Suite 602
Port Allisonchester, SC 08759",907
1963,227,"Drew Webb Jr.",vsimon@hotmail.com,2024-04-06,1072,Electronics,1928.33,5,9641.65,Cash,Returned,"87954 Brown Roads
South Edwardberg, AK 73596",908
1964,191,"Matthew Roberts",jbauer@gmail.com,2023-07-08,1051,"Home & Kitchen",2091.11,4,8364.44,"Bank Transfer",Processing,"812 Krista Radial
Hollystad, MD 14247",909
1965,410,User,yolandaholt@williams.org,2024-08-23,1074,Clothing,572.25,2,1144.50,"Credit Card",Pending,"741 Lam Parkways
New Jeremy, OR 45516",910
1966,446,"Lisa Lee",millselizabeth@walton-kelly.com,2024-07-26,1043,Clothing,1269.77,9,11427.93,"Credit Card",Cancelled,"390 Jerome Road
West Jessica, MA 27023",911
1967,144,"Timothy Moreno",robert72@hotmail.com,NULL,1015,Electronics,2953.95,1,2953.95,"Credit Card","Not Delivered","6285 Butler Summit Apt. 214
Christianbury, WI 39342",912
1968,200,"Jasmine Mercer",bjensen@dominguez-le.com,2024-05-10,1038,Toys,136.36,5,681.80,"Credit Card",Cancelled,"4019 Joseph Crossroad
South Shannonland, NH 63612",913
1969,416,"Samantha Haley",jacobrhodes@hotmail.com,2023-06-22,1015,Books,2692.65,4,10770.60,"Credit Card",Cancelled,"63205 Hayes Mills Apt. 566
North Christian, LA 23450",914
1970,211,"Chelsea Ford",kingrodney@gmail.com,2023-09-03,1005,Electronics,4232.94,6,25397.64,Cash,Returned,"2914 James Cliff Apt. 922
Amberville, AZ 16153",915
1971,460,"Ashley Brown",derek80@hotmail.com,2023-04-16,1093,Clothing,190.07,1,190.07,"Credit Card","Not Delivered","456 Norman Flats Suite 050
New Jenniferview, MA 82054",916
1972,219,"David Park",ilong@hotmail.com,NULL,1083,Clothing,3525.45,4,14101.80,"Debit Card",Delivered,"2803 Turner Pass Apt. 292
West Shannon, NH 88248",917
1973,239,"Thomas Allison",keith25@salazar.com,2024-05-10,1054,Electronics,559.76,3,1679.28,"Credit Card",Shipped,"2965 Matthew Spring
Lake William, DC 95299",918
1974,412,"Julie Mata",kristen86@yahoo.com,2023-08-23,1051,Toys,3859.09,6,23154.54,"Credit Card",Returned,"942 William Radial Suite 719
Mitchellville, IN 59751",919
1975,396,"Mr. Michael Daniel",sgiles@hobbs.com,2024-04-09,1010,Books,4060.85,5,20304.25,Cash,"Not Delivered","908 Amanda Glens
North Richard, GA 90720",920
1976,45,"Brian Cox",msmith@anderson.info,2024-07-08,1012,"Home & Kitchen",821.96,6,4931.76,"Credit Card",Pending,"5502 Cardenas Park Suite 177
West Ryan, OR 44649",921
1977,34,"William Jones",jenniferroman@gmail.com,2023-08-31,1004,Electronics,2264.11,0,0.00,"Credit Card",Shipped,"5406 Mcclain Keys
Sanchezfort, NM 43551",922
1978,252,"Maxwell Hernandez",amandadavis@yahoo.com,2024-09-27,1095,Books,2574.45,2,5148.90,Cash,Shipped,"1539 Scott Fords Apt. 843
South Margaretton, DE 26651",923
1979,389,"Amy Hubbard",floresfaith@oconnor.net,2023-09-01,1018,Books,928.71,4,3714.84,Cash,Returned,"Not Available",924
1980,81,"John Kemp",martha43@davidson.org,2023-10-11,1080,Unknown,1710.92,5,8554.60,"Credit Card",Processing,"859 David Plaza
Lake Patrickfort, NV 81613",925
1981,370,"Patricia Zhang",shannongibbs@gmail.com,2023-05-07,1036,Clothing,2548.57,4,10194.28,"Credit Card",Pending,"9801 Joshua Summit
Faithland, MO 03239",926
1982,255,"Richard Thomas",shawwillie@williams.biz,2023-04-09,1025,"Home & Kitchen",1785.15,5,8925.75,"Credit Card",Returned,"087 Burton Walks
South Nicole, LA 10351",927
1983,196,"Joseph Le",robert14@meyer.com,2023-03-28,1087,Electronics,120.62,1,120.62,"Credit Card",Cancelled,"8723 Walsh Pines Apt. 983
Michaelstad, MD 40329",928
1984,302,User,jacksonbrittney@hotmail.com,NULL,1076,Clothing,2420.63,3,7261.89,"Credit Card",Processing,"349 Hudson Ridges
Arnoldport, LA 45299",929
1985,408,"Amanda Combs",leslie87@yahoo.com,2024-04-02,1098,Unknown,3822.80,3,11468.40,"Bank Transfer","Not Delivered","Unit 9275 Box 5835
DPO AE 23930",930
1986,449,"Daniel Sanders",jking@gmail.com,2024-06-28,1036,Unknown,1698.27,0,0.00,"Debit Card",Pending,"945 Jonathan Groves Apt. 313
New Karenshire, ME 43802",931
1987,9,"Madison Brady",gerald30@gmail.com,2024-03-16,1067,Clothing,2763.04,1,2763.04,"Credit Card",Shipped,"5114 Williamson Road Apt. 856
Ellisborough, AL 85612",932
1988,311,"Jessica Roy",holmesdavid@cunningham-brock.com,2024-03-06,1009,Toys,1413.59,2,2827.18,"Credit Card",Returned,"1687 Miller Circles Suite 950
Jordanport, SD 12536",933
1989,285,"Lisa White",lpalmer@yahoo.com,2025-02-24,1061,Books,2612.07,2,5224.14,"Credit Card",Shipped,"65914 Baker Fall Apt. 483
Johnsonland, OK 45769",934
1990,241,"Laura Edwards",jeffreyvaughn@hotmail.com,2023-04-24,1053,Electronics,3334.73,6,20008.38,Cash,Pending,"553 Danielle Roads Apt. 423
Danielberg, MD 43545",935
1991,250,"Douglas Gentry",banderson@gmail.com,2024-11-06,1018,Electronics,439.97,6,2639.82,"Credit Card",Shipped,"6298 Linda Mission Apt. 951
East Manuelborough, NH 84284",936
1992,364,"Eugene Cain",NULL,2024-02-02,1043,Electronics,2663.92,3,7991.76,Cash,Returned,"587 Sandra Spur
Stevenstad, NC 61237",937
1993,4,"James Short",harrismeghan@bell-kelley.biz,2024-07-01,1035,Clothing,1475.00,4,5900.00,"Credit Card",Processing,"2352 Gregory Cape Suite 783
Port Dustinshire, NM 46960",938
1994,118,"Ryan Skinner",brian71@morales-hudson.com,2024-09-02,1063,Toys,3798.35,9,34185.15,"Credit Card",Returned,"44086 Kelly Place Apt. 505
Williamsland, MN 57635",939
1995,288,User,osellers@mann-flynn.com,2023-11-16,1098,"Home & Kitchen",2300.70,4,9202.80,Cash,Delivered,"033 Waters Flats Suite 552
Nicholaston, NM 67113",940
1996,373,"Timothy Conley",amy00@young-young.net,2025-01-26,1078,Unknown,3138.45,8,25107.60,Cash,Shipped,"43375 Hernandez Square Suite 339
West Johnhaven, DE 52558",941
1997,64,User,kevin36@lynch-carey.com,2024-09-10,1004,Clothing,4840.26,1,4840.26,"Credit Card",Delivered,"0873 Sims Plaza
West Mariomouth, VT 14350",942
1998,145,"Julie Acosta",NULL,2024-08-04,1093,"Home & Kitchen",687.93,4,2751.72,PayPal,Processing,"214 Molina Neck
Ryanchester, LA 38399",943
1999,223,"Nicholas James",gallowayemily@gmail.com,2025-01-24,1041,Unknown,1930.18,6,11581.08,"Bank Transfer",Delivered,"Not Available",944
2000,238,"Zachary Lewis",rgentry@gmail.com,2023-04-19,1045,Unknown,4210.44,1,4210.44,"Debit Card",Shipped,"93266 Morris Forges
Phelpsstad, TX 80441",945
1689,474,"David Palmer",tracyalvarez@warren.org,2025-01-30,1037,Electronics,4877.38,2,9754.76,Cash,"Not Delivered","6362 Frost Lock Apt. 555
East Richardfort, ME 70308",946
1598,345,"Greg Hernandez",gthomas@hotmail.com,2024-10-27,1029,Electronics,568.42,5,2842.10,PayPal,"Not Delivered","78072 Zachary Place Suite 733
Alexanderbury, VT 68166",947
1690,339,"Frank Fitzgerald",tchan@perez-wilson.com,2024-02-25,1009,Clothing,2119.82,3,6359.46,"Credit Card",Pending,"14752 Sabrina Ville
Alexanderfurt, ND 55896",948
1691,151,"Jacqueline Jones",yprice@reid.com,2025-02-09,1015,Unknown,2511.41,8,20091.28,Cash,"Not Delivered","75064 Connor Track Suite 061
Barbaraport, IL 23252",949
1599,228,"Cindy Jenkins",cheryl49@gmail.com,2024-12-29,1092,Toys,4558.64,4,18234.56,PayPal,Shipped,"6527 Mckenzie Crossing Apt. 112
Kaylaberg, MO 20119",950
1651,399,"Victoria Rojas",michaelperkins@gmail.com,2023-06-20,1003,Electronics,4478.79,9,40309.11,"Credit Card","Not Delivered","USNS Sanchez
FPO AE 06481",951
1652,217,"Sarah Williams",cjackson@ford.com,2023-05-09,1055,Clothing,3534.22,3,10602.66,"Bank Transfer",Cancelled,"18190 Joseph Stream
North Russell, MD 03280",952
1653,473,"Laura Short",NULL,2024-12-20,1012,Electronics,4350.30,2,8700.60,"Bank Transfer",Pending,"294 Brian Lights Apt. 980
Cainhaven, AZ 63748",953
1654,431,"Jennifer King",emma03@cole.com,2023-12-27,1040,"Home & Kitchen",3391.09,7,23737.63,PayPal,Pending,"063 Diane Grove
New Dawnmouth, IL 91928",954
1655,340,"Michelle Russell",lucas00@jimenez.com,NULL,1066,Clothing,2403.05,3,7209.15,PayPal,Cancelled,"Unit 6241 Box 9552
DPO AP 55537",955
1656,38,"Angela Fischer",sethdennis@hotmail.com,2023-07-14,1078,Books,3611.27,5,18056.35,"Credit Card",Delivered,"37259 Ingram Ramp Suite 751
East Michelleville, AK 44638",956
1657,99,"Brent Kidd",james98@hotmail.com,2024-07-21,1016,Toys,460.80,3,1382.40,"Credit Card",Pending,"94308 Clarke Port Suite 705
West Jefferytown, CT 41041",957
1658,288,"Monica Carrillo",carllyons@hill.com,2023-09-01,1083,Books,2574.45,9,23170.05,"Credit Card",Processing,"53759 Nathan Forks
Susanbury, NC 29996",958
1659,253,"Mr. Jared Morris Jr.",caitlintucker@richardson.com,2023-07-04,1034,Books,545.31,3,1635.93,"Credit Card",Shipped,"3676 Leroy Pines Apt. 745
Brandonfurt, NC 88864",959
1660,221,"Michael George",kathy66@yahoo.com,2024-10-25,1044,Toys,3098.64,0,0.00,"Credit Card",Shipped,"93146 Melissa Road
West Melanie, MD 53956",960
1661,356,"Michael Schneider",kathryndavis@gmail.com,2024-11-18,1006,Toys,998.46,4,3993.84,Cash,Shipped,"80706 Owens Inlet Suite 868
South Peterfort, OH 95639",961
1662,22,"Dustin Nelson",stephanie16@sherman-booth.org,2025-02-11,1077,Unknown,3298.45,5,16492.25,"Bank Transfer",Returned,"PSC 8128, Box 2474
APO AA 92856",962
1663,249,"Robert Archer",brianna70@brennan.info,2023-07-28,1064,Toys,4912.04,2,9824.08,"Bank Transfer",Processing,"Not Available",963
1664,9,"Jeremy Harris",NULL,2024-03-14,1022,Clothing,674.93,4,2699.72,"Credit Card",Returned,"00025 Wood Drive
East Shaun, AL 64568",964
1665,245,"Jamie Stevenson",amanda78@nelson.com,2024-02-15,1018,Electronics,4342.14,3,13026.42,PayPal,Delivered,"313 Colin Branch
North Michael, VA 45580",965
1666,324,"Tracy Perez",mbishop@yahoo.com,2024-04-16,1012,Unknown,14.05,8,112.40,PayPal,Cancelled,"24519 Sonia Mission
Lake Conniechester, OK 08407",966
1667,99,"Julia Torres",henryfranklin@bean.net,2023-11-12,1052,Unknown,1705.50,2,3411.00,Cash,"Not Delivered","038 Patricia Prairie
East Morganhaven, WA 84090",967
1668,289,"Carla Huang",scotttina@hotmail.com,2023-07-13,1094,Electronics,2620.09,3,7860.27,"Credit Card",Processing,"07999 Jeffrey Vista Suite 538
Petersonmouth, TX 80804",968
1669,179,"Eric Delgado",moorekevin@garcia.org,2024-05-20,1051,Unknown,1677.42,7,11741.94,"Credit Card",Delivered,"374 Moreno Manor Suite 142
New Christina, MO 56730",969
1670,222,"Alexa Steele",lhatfield@elliott.com,2023-04-29,1071,Toys,103.53,1,103.53,"Credit Card","Not Delivered","USNS Carson
FPO AE 74181",970
1671,393,"Carol Moore",stacey23@gmail.com,2024-02-25,1096,Books,3477.51,3,10432.53,"Credit Card",Delivered,"718 Stacy Camp Apt. 741
Janetbury, UT 77553",971
1672,249,"Maureen Montoya",zbaxter@yahoo.com,2024-04-10,1048,"Home & Kitchen",1157.52,7,8102.64,"Bank Transfer",Returned,"6301 Ramirez Stream
Greenmouth, AR 37433",972
1673,146,"Dustin Baker",douglas15@kirk-morales.com,2024-05-18,1019,Toys,3789.89,5,18949.45,"Credit Card",Shipped,"5168 Glover Harbor
Spencemouth, AL 34162",973
1283,342,"Benjamin Cabrera",taustin@yahoo.com,2023-03-21,1086,Electronics,32.19,2,64.38,"Credit Card",Shipped,"3477 Lambert Mountain
North Vincentberg, WI 57404",974
1353,262,"Bryan Hardin",klester@murphy-schmidt.biz,2023-09-18,1051,"Home & Kitchen",2063.42,5,10317.10,"Credit Card",Returned,"4571 Adams Ferry Suite 459
Jennifershire, HI 33106",975
1284,484,"Misty Ellis",williamsandrew@kim.com,2024-12-27,1065,Clothing,2539.27,6,15235.62,"Debit Card","Not Delivered","PSC 8685, Box 3885
APO AP 57795",976
1354,251,"Jamie Schneider",fred24@hotmail.com,2025-02-01,1001,Clothing,4663.02,8,37304.16,"Debit Card",Processing,"72440 Garcia Tunnel Suite 109
Port Oscar, DE 21130",977
1285,223,"Jason Ali",crawforddebra@gmail.com,2024-05-02,1068,Unknown,3877.78,7,27144.46,"Credit Card",Shipped,"026 Erin Walks
Waremouth, TX 14062",978
1286,224,"Justin Wall",tsanford@larson.com,2024-12-16,1049,Clothing,3769.28,5,18846.40,"Credit Card","Not Delivered","8458 Wilson Mountains
South Melissa, MN 67377",979
1355,143,"Lindsey Ayala",debraramirez@gmail.com,2023-06-29,1091,"Home & Kitchen",3154.09,8,25232.72,"Debit Card",Returned,"1522 Theresa Circles
Boyerbury, AL 04163",980
1356,345,User,patriciahamilton@fisher.com,2023-07-06,1021,Toys,1858.67,3,5576.01,"Bank Transfer",Processing,"371 Stacie Lights Suite 727
Johnsonport, SD 53451",981
1357,111,"Richard Leonard",lindseyjoe@smith.com,2024-07-23,1053,Clothing,3381.58,1,3381.58,"Credit Card",Delivered,"Unit 6432 Box 9486
DPO AA 52293",982
1287,384,"Donald Mills",gibsonshawn@hotmail.com,2025-02-16,1052,Toys,3861.59,3,11584.77,"Credit Card",Delivered,"8712 Richardson Place
South Edward, KY 84517",983
1358,499,"William Velazquez",kennethcoleman@hotmail.com,2023-10-28,1016,Books,2448.70,4,9794.80,PayPal,Pending,"53639 Mitchell Trail Apt. 956
New Anthony, AK 07936",984
1288,402,"Dawn Maxwell",pamelasimon@yahoo.com,2024-03-03,1029,"Home & Kitchen",3804.23,3,11412.69,Cash,Cancelled,"325 Stevens Stream Apt. 230
New Shirleyburgh, WA 45391",985
1359,59,"Larry Mccoy",newmanthomas@tapia.com,2023-12-12,1061,Toys,1114.30,3,3342.90,"Credit Card",Pending,"Unit 3849 Box 0795
DPO AA 31373",986
1289,125,"Laurie Mcdaniel",cheryl24@hotmail.com,2024-07-08,1021,Toys,4168.70,2,8337.40,PayPal,Delivered,"PSC 3503, Box 1120
APO AE 04733",987
1360,368,User,smithbeth@johns.org,2024-01-20,1054,"Home & Kitchen",3043.71,3,9131.13,"Credit Card",Delivered,"41604 Ann Trail
Russellborough, CA 27592",988
1290,129,"Courtney Williamson",deborah95@miller-stephens.info,2024-12-03,1090,"Home & Kitchen",4463.59,4,17854.36,"Bank Transfer",Returned,"40584 Jones Courts
Ruthfurt, WI 78535",989
1291,52,"Garrett Flynn",NULL,2023-08-05,1078,Clothing,3386.50,5,16932.50,"Debit Card",Shipped,"7737 Charles Road Apt. 271
Lake Brittany, NV 29187",990
1361,1,"Brian Barry",yhanson@gmail.com,2023-06-14,1040,"Home & Kitchen",4720.26,3,14160.78,PayPal,Cancelled,"4492 Williams Landing Apt. 193
Nelsonmouth, IN 03502",991
1362,384,"David Clarke",amy38@henderson.com,2023-07-04,1026,Unknown,2511.41,6,15068.46,PayPal,Processing,"49773 Lacey Well
West Randy, GA 95733",992
1363,303,"Timothy Garcia",allisonnelson@hotmail.com,2024-01-16,1080,"Home & Kitchen",4987.93,1,4987.93,"Debit Card",Processing,"4432 Matthew Village
Mathewschester, AK 28264",993
1364,253,User,onealfelicia@jennings.net,2024-12-01,1092,Electronics,4053.13,2,8106.26,"Debit Card",Processing,"38923 Steven Loop Apt. 262
New Sara, SD 36877",994
1365,139,"Dr. Rachel Johnston",cuevasdeborah@hotmail.com,2024-06-07,1065,Toys,1160.41,2,2320.82,"Credit Card",Shipped,"4361 Sara Valley Apt. 406
West Emily, NH 50067",995
1366,452,"Billy Santos",elizabeth46@gmail.com,NULL,1074,Clothing,1526.35,3,4579.05,"Credit Card",Shipped,"62763 Gray Stravenue
Lake Adam, DE 91251",996
1367,36,"Karen Spencer",pmayo@gmail.com,2024-08-03,1064,"Home & Kitchen",3933.70,4,15734.80,"Debit Card",Shipped,"46563 Mcdowell Port
West John, PA 54878",997
1368,159,"Michael Joyce",NULL,2024-04-01,1043,Unknown,4572.64,5,22863.20,Cash,Shipped,"8107 Solis Ford Suite 942
Hunterberg, DC 84155",998
1369,8,"Amanda Simon",hedwards@pope.com,2023-06-14,1017,Unknown,4238.96,3,12716.88,Cash,Shipped,"84841 Todd Course Suite 377
New Victoria, UT 45089",999
1370,232,"Stephanie Lee",tanya55@yahoo.com,2023-05-16,1059,"Home & Kitchen",4405.00,4,17620.00,"Credit Card",Delivered,"30268 Christina Wells Suite 450
Lake Jeffrey, MS 25054",1000
